<?xml version="1.0" encoding="utf-8"?>
<root>
	<config>
		<id>72</id>		
		<title>Sleep self-assessment</title>		
		<colour_1>333399|6061CA</colour_1>
		<colour_2>333399|6061CA</colour_2>
		<colour_3>669900|9BC363</colour_3>
		<intro_title><![CDATA[Do you have a sleep problem?]]></intro_title>		
		<intro_copy><![CDATA[<br>]]></intro_copy>		
		<intro_copy_alt><![CDATA[Most people experience problems with sleep in their life. it is thought that a third of people in the UK have an episode of insomnia in their lives.<br><br>This short test from Sleepio is designed to find out if you are experiencing symptoms of insomnia. It will also give you practical tips and advice for improving your sleep.<br>]]></intro_copy_alt>		
		<intro_foot><![CDATA[<br>]]></intro_foot>		
		<intro_graphic><![CDATA[]]></intro_graphic>		
		<intro_graphic_alt><![CDATA[]]></intro_graphic_alt>		
		<hr_intro_graphic_alt><![CDATA[]]></hr_intro_graphic_alt>		
		<intro_graphic_position><![CDATA[6]]></intro_graphic_position>		
		<intro_graphic_position_m><![CDATA[6]]></intro_graphic_position_m>		
		<dimensions_f>362x400</dimensions_f>		
		<dimensions_j>362x400</dimensions_j>		
		<print_title>Your checklist</print_title>		
		<reporting>0</reporting>		
		<syndication_footer>0</syndication_footer>		
		<img_alt>sleep</img_alt>		
		<js_body_w>100%</js_body_w>		
		<js_body_top>1em</js_body_top>		
		<js_body_left>0em</js_body_left>		
	</config>
	<questions>
		<q type = "single select" info_box = "0" info_box_position = "0">
			<title><![CDATA[New question]]></title>
			<body><![CDATA[Thinking about a typical night in the last month, how long does it take you to fall asleep?]]></body>
			<answers>
				<a>
					<body><![CDATA[0-15 minutes]]></body>
					<actions>
						<ac>
							<type><![CDATA[points]]></type>
							<operator><![CDATA[+]]></operator>
							<value><![CDATA[4]]></value>
						</ac>
					</actions>
				</a>
				<a>
					<body><![CDATA[16-30 minutes]]></body>
					<actions>
						<ac>
							<type><![CDATA[points]]></type>
							<operator><![CDATA[+]]></operator>
							<value><![CDATA[3]]></value>
						</ac>
					</actions>
				</a>
				<a>
					<body><![CDATA[31-45 minutes]]></body>
					<actions>
						<ac>
							<type><![CDATA[points]]></type>
							<operator><![CDATA[+]]></operator>
							<value><![CDATA[2]]></value>
						</ac>
					</actions>
				</a>
				<a>
					<body><![CDATA[46-60 minutes]]></body>
					<actions>
						<ac>
							<type><![CDATA[points]]></type>
							<operator><![CDATA[+]]></operator>
							<value><![CDATA[1]]></value>
						</ac>
					</actions>
				</a>
				<a>
					<body><![CDATA[More than 61 minutes]]></body>
					<actions>
						<ac>
							<type><![CDATA[points]]></type>
							<operator><![CDATA[+]]></operator>
							<value><![CDATA[0]]></value>
						</ac>
					</actions>
				</a>
			</answers>
		</q>
		<q type = "single select" info_box = "0" info_box_position = "0">
			<title><![CDATA[New question]]></title>
			<body><![CDATA[Thinking about a typical night in the last month, if you wake up, how long are you awake for in total? (add all the time up)]]></body>
			<answers>
				<a>
					<body><![CDATA[0-15 minutes]]></body>
					<actions>
						<ac>
							<type><![CDATA[points]]></type>
							<operator><![CDATA[+]]></operator>
							<value><![CDATA[4]]></value>
						</ac>
					</actions>
				</a>
				<a>
					<body><![CDATA[16-30 minutes]]></body>
					<actions>
						<ac>
							<type><![CDATA[points]]></type>
							<operator><![CDATA[+]]></operator>
							<value><![CDATA[3]]></value>
						</ac>
					</actions>
				</a>
				<a>
					<body><![CDATA[31-45 minutes]]></body>
					<actions>
						<ac>
							<type><![CDATA[points]]></type>
							<operator><![CDATA[+]]></operator>
							<value><![CDATA[2]]></value>
						</ac>
					</actions>
				</a>
				<a>
					<body><![CDATA[46-60 minutes]]></body>
					<actions>
						<ac>
							<type><![CDATA[points]]></type>
							<operator><![CDATA[+]]></operator>
							<value><![CDATA[1]]></value>
						</ac>
					</actions>
				</a>
				<a>
					<body><![CDATA[61 minutes or more]]></body>
					<actions>
						<ac>
							<type><![CDATA[points]]></type>
							<operator><![CDATA[+]]></operator>
							<value><![CDATA[0]]></value>
						</ac>
					</actions>
				</a>
			</answers>
		</q>
		<q type = "single select" info_box = "0" info_box_position = "0">
			<title><![CDATA[New question]]></title>
			<body><![CDATA[Thinking about the last month, how many nights a week do you have a problem with your sleep?]]></body>
			<answers>
				<a>
					<body><![CDATA[0-1 nights]]></body>
					<actions>
						<ac>
							<type><![CDATA[points]]></type>
							<operator><![CDATA[+]]></operator>
							<value><![CDATA[4]]></value>
						</ac>
					</actions>
				</a>
				<a>
					<body><![CDATA[2 nights]]></body>
					<actions>
						<ac>
							<type><![CDATA[points]]></type>
							<operator><![CDATA[+]]></operator>
							<value><![CDATA[3]]></value>
						</ac>
					</actions>
				</a>
				<a>
					<body><![CDATA[3 nights]]></body>
					<actions>
						<ac>
							<type><![CDATA[points]]></type>
							<operator><![CDATA[+]]></operator>
							<value><![CDATA[2]]></value>
						</ac>
					</actions>
				</a>
				<a>
					<body><![CDATA[4 nights]]></body>
					<actions>
						<ac>
							<type><![CDATA[points]]></type>
							<operator><![CDATA[+]]></operator>
							<value><![CDATA[1]]></value>
						</ac>
					</actions>
				</a>
				<a>
					<body><![CDATA[5-7 nights]]></body>
					<actions>
						<ac>
							<type><![CDATA[points]]></type>
							<operator><![CDATA[+]]></operator>
							<value><![CDATA[0]]></value>
						</ac>
					</actions>
				</a>
			</answers>
		</q>
		<q type = "single select" info_box = "0" info_box_position = "0">
			<title><![CDATA[New question]]></title>
			<body><![CDATA[Thinking about a typical night in the last month, how would you rate your sleep quality?]]></body>
			<answers>
				<a>
					<body><![CDATA[Very good]]></body>
					<actions>
						<ac>
							<type><![CDATA[points]]></type>
							<operator><![CDATA[+]]></operator>
							<value><![CDATA[4]]></value>
						</ac>
					</actions>
				</a>
				<a>
					<body><![CDATA[Good]]></body>
					<actions>
						<ac>
							<type><![CDATA[points]]></type>
							<operator><![CDATA[+]]></operator>
							<value><![CDATA[3]]></value>
						</ac>
					</actions>
				</a>
				<a>
					<body><![CDATA[Average]]></body>
					<actions>
						<ac>
							<type><![CDATA[points]]></type>
							<operator><![CDATA[+]]></operator>
							<value><![CDATA[2]]></value>
						</ac>
					</actions>
				</a>
				<a>
					<body><![CDATA[Poor]]></body>
					<actions>
						<ac>
							<type><![CDATA[points]]></type>
							<operator><![CDATA[+]]></operator>
							<value><![CDATA[1]]></value>
						</ac>
					</actions>
				</a>
				<a>
					<body><![CDATA[Very poor]]></body>
					<actions>
						<ac>
							<type><![CDATA[points]]></type>
							<operator><![CDATA[+]]></operator>
							<value><![CDATA[0]]></value>
						</ac>
					</actions>
				</a>
			</answers>
		</q>
		<q type = "single select" info_box = "0" info_box_position = "0">
			<title><![CDATA[New question]]></title>
			<body><![CDATA[Thinking about the past month, to what extent has poor sleep affected your mood, energy, or relationships?]]></body>
			<answers>
				<a>
					<body><![CDATA[Not at all]]></body>
					<actions>
						<ac>
							<type><![CDATA[points]]></type>
							<operator><![CDATA[+]]></operator>
							<value><![CDATA[4]]></value>
						</ac>
					</actions>
				</a>
				<a>
					<body><![CDATA[A little]]></body>
					<actions>
						<ac>
							<type><![CDATA[points]]></type>
							<operator><![CDATA[+]]></operator>
							<value><![CDATA[3]]></value>
						</ac>
					</actions>
				</a>
				<a>
					<body><![CDATA[Somewhat]]></body>
					<actions>
						<ac>
							<type><![CDATA[points]]></type>
							<operator><![CDATA[+]]></operator>
							<value><![CDATA[2]]></value>
						</ac>
					</actions>
				</a>
				<a>
					<body><![CDATA[Much]]></body>
					<actions>
						<ac>
							<type><![CDATA[points]]></type>
							<operator><![CDATA[+]]></operator>
							<value><![CDATA[1]]></value>
						</ac>
					</actions>
				</a>
				<a>
					<body><![CDATA[Very much]]></body>
					<actions>
						<ac>
							<type><![CDATA[points]]></type>
							<operator><![CDATA[+]]></operator>
							<value><![CDATA[0]]></value>
						</ac>
					</actions>
				</a>
			</answers>
		</q>
		<q type = "single select" info_box = "0" info_box_position = "0">
			<title><![CDATA[New question]]></title>
			<body><![CDATA[Thinking about the past month, to what extent has poor sleep affected your concentration, productivity, or ability to stay awake?]]></body>
			<answers>
				<a>
					<body><![CDATA[Not at all]]></body>
					<actions>
						<ac>
							<type><![CDATA[points]]></type>
							<operator><![CDATA[+]]></operator>
							<value><![CDATA[4]]></value>
						</ac>
					</actions>
				</a>
				<a>
					<body><![CDATA[A little]]></body>
					<actions>
						<ac>
							<type><![CDATA[points]]></type>
							<operator><![CDATA[+]]></operator>
							<value><![CDATA[3]]></value>
						</ac>
					</actions>
				</a>
				<a>
					<body><![CDATA[Somewhat]]></body>
					<actions>
						<ac>
							<type><![CDATA[points]]></type>
							<operator><![CDATA[+]]></operator>
							<value><![CDATA[2]]></value>
						</ac>
					</actions>
				</a>
				<a>
					<body><![CDATA[Much]]></body>
					<actions>
						<ac>
							<type><![CDATA[points]]></type>
							<operator><![CDATA[+]]></operator>
							<value><![CDATA[1]]></value>
						</ac>
					</actions>
				</a>
				<a>
					<body><![CDATA[Very much]]></body>
					<actions>
						<ac>
							<type><![CDATA[points]]></type>
							<operator><![CDATA[+]]></operator>
							<value><![CDATA[0]]></value>
						</ac>
					</actions>
				</a>
			</answers>
		</q>
		<q type = "single select" info_box = "0" info_box_position = "0">
			<title><![CDATA[New question]]></title>
			<body><![CDATA[Thinking about the past month, to what extent has poor sleep troubled you in general?]]></body>
			<answers>
				<a>
					<body><![CDATA[Not at all]]></body>
					<actions>
						<ac>
							<type><![CDATA[points]]></type>
							<operator><![CDATA[+]]></operator>
							<value><![CDATA[4]]></value>
						</ac>
					</actions>
				</a>
				<a>
					<body><![CDATA[A little]]></body>
					<actions>
						<ac>
							<type><![CDATA[points]]></type>
							<operator><![CDATA[+]]></operator>
							<value><![CDATA[3]]></value>
						</ac>
					</actions>
				</a>
				<a>
					<body><![CDATA[Somewhat]]></body>
					<actions>
						<ac>
							<type><![CDATA[points]]></type>
							<operator><![CDATA[+]]></operator>
							<value><![CDATA[2]]></value>
						</ac>
					</actions>
				</a>
				<a>
					<body><![CDATA[Much]]></body>
					<actions>
						<ac>
							<type><![CDATA[points]]></type>
							<operator><![CDATA[+]]></operator>
							<value><![CDATA[1]]></value>
						</ac>
					</actions>
				</a>
				<a>
					<body><![CDATA[Very much]]></body>
					<actions>
						<ac>
							<type><![CDATA[points]]></type>
							<operator><![CDATA[+]]></operator>
							<value><![CDATA[0]]></value>
						</ac>
					</actions>
				</a>
			</answers>
		</q>
		<q type = "single select" info_box = "0" info_box_position = "0">
			<title><![CDATA[New question]]></title>
			<body><![CDATA[How long have you had a problem with your sleep?]]></body>
			<answers>
				<a>
					<body><![CDATA[I don't have a problem (or I've had a problem for less than one month)]]></body>
					<actions>
						<ac>
							<type><![CDATA[points]]></type>
							<operator><![CDATA[+]]></operator>
							<value><![CDATA[4]]></value>
						</ac>
					</actions>
				</a>
				<a>
					<body><![CDATA[1-2 months]]></body>
					<actions>
						<ac>
							<type><![CDATA[points]]></type>
							<operator><![CDATA[+]]></operator>
							<value><![CDATA[3]]></value>
						</ac>
					</actions>
				</a>
				<a>
					<body><![CDATA[3-6 months]]></body>
					<actions>
						<ac>
							<type><![CDATA[points]]></type>
							<operator><![CDATA[+]]></operator>
							<value><![CDATA[2]]></value>
						</ac>
					</actions>
				</a>
				<a>
					<body><![CDATA[7-12 months]]></body>
					<actions>
						<ac>
							<type><![CDATA[points]]></type>
							<operator><![CDATA[+]]></operator>
							<value><![CDATA[1]]></value>
						</ac>
					</actions>
				</a>
				<a>
					<body><![CDATA[Longer than a year]]></body>
					<actions>
						<ac>
							<type><![CDATA[points]]></type>
							<operator><![CDATA[+]]></operator>
							<value><![CDATA[0]]></value>
						</ac>
					</actions>
				</a>
			</answers>
		</q>
	</questions>
	<results>
		<ri type = "progress bar" p1 = "0" p2 = "32" p3 = "Points"><![CDATA[Here's your sleep score]]></ri>
		<ri type = "points triggered result" p1 = "0" p2 = "10" p3 = ""><![CDATA[Very poor]]></ri>
		<ri type = "points triggered result" p1 = "10" p2 = "16" p3 = ""><![CDATA[Poor]]></ri>
		<ri type = "points triggered result" p1 = "16" p2 = "25" p3 = ""><![CDATA[Fair]]></ri>
		<ri type = "points triggered result" p1 = "25" p2 = "27" p3 = ""><![CDATA[Good]]></ri>
		<ri type = "points triggered result" p1 = "27" p2 = "35" p3 = ""><![CDATA[Excellent]]></ri>
	</results>
	<links>
	</links>
	<result_items>
	</result_items>
	<link_items>
	</link_items>
	<qvars>
	</qvars>
	<info_boxes>
		<ib  id = "0">
			<title><![CDATA[]]></title>
			<body><![CDATA[]]></body>
			<name><![CDATA[]]></name>
		</ib>
	</info_boxes>
	<videos>
	</videos>
</root>
