<?xml version="1.0" encoding="utf-8"?>
<root>
	<config>
		<id>73</id>		
		<title>Blood pressure quiz</title>		
		<colour_1>006699|0799C6</colour_1>
		<colour_2>990000|DD645F</colour_2>
		<colour_3>006699|0799C6</colour_3>
		<intro_title><![CDATA[Test your knowledge]]></intro_title>		
		<intro_copy><![CDATA[Around 30% of people in England have high blood pressure but many don't know it. If left untreated, high blood pressure increases your risk of a heart attack or stroke.<br>It's important to know what affects our blood pressure and what you can do to keep your blood pressure at a healthy level.<br>Take this short quiz and see how much you know.]]></intro_copy>		
		<intro_copy_alt><![CDATA[Around 30% of people in England have high blood pressure (hypertension) but many don't know it. If left untreated, high blood pressure increases your risk of a heart attack or stroke.<br><br>It's important to know what affects our blood pressure and what you can do to keep your blood pressure at a healthy level.<br><br>Take this short quiz and see how much you know.]]></intro_copy_alt>		
		<intro_foot><![CDATA[<br>]]></intro_foot>		
		<intro_graphic><![CDATA[]]></intro_graphic>		
		<intro_graphic_alt><![CDATA[]]></intro_graphic_alt>		
		<hr_intro_graphic_alt><![CDATA[]]></hr_intro_graphic_alt>		
		<intro_graphic_position><![CDATA[6]]></intro_graphic_position>		
		<intro_graphic_position_m><![CDATA[6]]></intro_graphic_position_m>		
		<dimensions_f>362x466</dimensions_f>		
		<dimensions_j>362x466</dimensions_j>		
		<print_title>Your checklist</print_title>		
		<reporting>0</reporting>		
		<syndication_footer>0</syndication_footer>		
		<img_alt></img_alt>		
		<js_body_w>100%</js_body_w>		
		<js_body_top>1em</js_body_top>		
		<js_body_left>0em</js_body_left>		
	</config>
	<questions>
		<q type = "single select" info_box = "0" info_box_position = "0">
			<title><![CDATA[New question]]></title>
			<body><![CDATA[How many people do you think have high blood pressure in England? Select one:]]></body>
			<answers>
				<a>
					<body><![CDATA[1 in 20 people]]></body>
					<actions>
						<ac>
							<type><![CDATA[result]]></type>
							<value><![CDATA[1170]]></value>
						</ac>
						<ac>
							<type><![CDATA[points]]></type>
							<operator><![CDATA[+]]></operator>
							<value><![CDATA[0]]></value>
						</ac>
					</actions>
				</a>
				<a>
					<body><![CDATA[1 in 10 people]]></body>
					<actions>
						<ac>
							<type><![CDATA[result]]></type>
							<value><![CDATA[1171]]></value>
						</ac>
						<ac>
							<type><![CDATA[points]]></type>
							<operator><![CDATA[+]]></operator>
							<value><![CDATA[0]]></value>
						</ac>
					</actions>
				</a>
				<a>
					<body><![CDATA[1 in 5 people]]></body>
					<actions>
						<ac>
							<type><![CDATA[result]]></type>
							<value><![CDATA[1172]]></value>
						</ac>
						<ac>
							<type><![CDATA[points]]></type>
							<operator><![CDATA[+]]></operator>
							<value><![CDATA[0]]></value>
						</ac>
					</actions>
				</a>
				<a>
					<body><![CDATA[1 in 4 people]]></body>
					<actions>
						<ac>
							<type><![CDATA[result]]></type>
							<value><![CDATA[1169]]></value>
						</ac>
						<ac>
							<type><![CDATA[points]]></type>
							<operator><![CDATA[+]]></operator>
							<value><![CDATA[1]]></value>
						</ac>
					</actions>
				</a>
			</answers>
		</q>
		<q type = "single select" info_box = "0" info_box_position = "0">
			<title><![CDATA[New question]]></title>
			<body><![CDATA[<b>Do you think the following statement is true or false?&nbsp;</b><div><b><br></b><div>'If you don’t have any symptoms you don’t need a blood pressure test'</div></div>]]></body>
			<answers>
				<a>
					<body><![CDATA[True]]></body>
					<actions>
						<ac>
							<type><![CDATA[result]]></type>
							<value><![CDATA[1174]]></value>
						</ac>
						<ac>
							<type><![CDATA[points]]></type>
							<operator><![CDATA[+]]></operator>
							<value><![CDATA[0]]></value>
						</ac>
					</actions>
				</a>
				<a>
					<body><![CDATA[False]]></body>
					<actions>
						<ac>
							<type><![CDATA[result]]></type>
							<value><![CDATA[1173]]></value>
						</ac>
						<ac>
							<type><![CDATA[points]]></type>
							<operator><![CDATA[+]]></operator>
							<value><![CDATA[1]]></value>
						</ac>
					</actions>
				</a>
			</answers>
		</q>
		<q type = "single select" info_box = "0" info_box_position = "0">
			<title><![CDATA[New question]]></title>
			<body><![CDATA[<div><b>Do you think the following statement is true or false?</b></div><div><b>&nbsp;</b></div><div>'If high blood pressure runs in your family there is nothing you can do to stop developing high blood pressure yourself.'&nbsp;</div>]]></body>
			<answers>
				<a>
					<body><![CDATA[True]]></body>
					<actions>
						<ac>
							<type><![CDATA[result]]></type>
							<value><![CDATA[1176]]></value>
						</ac>
						<ac>
							<type><![CDATA[points]]></type>
							<operator><![CDATA[+]]></operator>
							<value><![CDATA[0]]></value>
						</ac>
					</actions>
				</a>
				<a>
					<body><![CDATA[False]]></body>
					<actions>
						<ac>
							<type><![CDATA[result]]></type>
							<value><![CDATA[1175]]></value>
						</ac>
						<ac>
							<type><![CDATA[points]]></type>
							<operator><![CDATA[+]]></operator>
							<value><![CDATA[1]]></value>
						</ac>
					</actions>
				</a>
			</answers>
		</q>
		<q type = "single select" info_box = "0" info_box_position = "0">
			<title><![CDATA[New question]]></title>
			<body><![CDATA[<div><b>Do you think the following statement is true or false?</b></div><div><b><br></b></div><div>'If you have high blood pressure you will need to take medication for life.'</div>]]></body>
			<answers>
				<a>
					<body><![CDATA[True]]></body>
					<actions>
						<ac>
							<type><![CDATA[result]]></type>
							<value><![CDATA[1178]]></value>
						</ac>
						<ac>
							<type><![CDATA[points]]></type>
							<operator><![CDATA[+]]></operator>
							<value><![CDATA[0]]></value>
						</ac>
					</actions>
				</a>
				<a>
					<body><![CDATA[False]]></body>
					<actions>
						<ac>
							<type><![CDATA[result]]></type>
							<value><![CDATA[1177]]></value>
						</ac>
						<ac>
							<type><![CDATA[points]]></type>
							<operator><![CDATA[+]]></operator>
							<value><![CDATA[1]]></value>
						</ac>
					</actions>
				</a>
			</answers>
		</q>
		<q type = "single select" info_box = "0" info_box_position = "0">
			<title><![CDATA[New question]]></title>
			<body><![CDATA[<b>Do you think the following statement is true or false?</b><div><br><div>'I don’t add extra salt to my food so my blood pressure can’t be high.'</div></div>]]></body>
			<answers>
				<a>
					<body><![CDATA[True]]></body>
					<actions>
						<ac>
							<type><![CDATA[result]]></type>
							<value><![CDATA[1181]]></value>
						</ac>
						<ac>
							<type><![CDATA[points]]></type>
							<operator><![CDATA[+]]></operator>
							<value><![CDATA[0]]></value>
						</ac>
					</actions>
				</a>
				<a>
					<body><![CDATA[False]]></body>
					<actions>
						<ac>
							<type><![CDATA[result]]></type>
							<value><![CDATA[1180]]></value>
						</ac>
						<ac>
							<type><![CDATA[points]]></type>
							<operator><![CDATA[+]]></operator>
							<value><![CDATA[1]]></value>
						</ac>
					</actions>
				</a>
			</answers>
		</q>
		<q type = "single select" info_box = "0" info_box_position = "0">
			<title><![CDATA[New question]]></title>
			<body><![CDATA[<b>Do you think the following statement is true or false?</b><div><br><div>'If a man is obese he is 4 times more likely to develop high blood pressure.'</div></div>]]></body>
			<answers>
				<a>
					<body><![CDATA[True]]></body>
					<actions>
						<ac>
							<type><![CDATA[result]]></type>
							<value><![CDATA[1182]]></value>
						</ac>
						<ac>
							<type><![CDATA[points]]></type>
							<operator><![CDATA[+]]></operator>
							<value><![CDATA[1]]></value>
						</ac>
					</actions>
				</a>
				<a>
					<body><![CDATA[False]]></body>
					<actions>
						<ac>
							<type><![CDATA[result]]></type>
							<value><![CDATA[1183]]></value>
						</ac>
						<ac>
							<type><![CDATA[points]]></type>
							<operator><![CDATA[+]]></operator>
							<value><![CDATA[0]]></value>
						</ac>
					</actions>
				</a>
			</answers>
		</q>
		<q type = "single select" info_box = "0" info_box_position = "0">
			<title><![CDATA[New question]]></title>
			<body><![CDATA[<div><b>Do you think the following statement is true or false?&nbsp;</b></div><div><b><br></b></div><div>'I had my blood pressure checked around 5 years ago so I know my blood pressure is low'</div>]]></body>
			<answers>
				<a>
					<body><![CDATA[True]]></body>
					<actions>
						<ac>
							<type><![CDATA[result]]></type>
							<value><![CDATA[1185]]></value>
						</ac>
						<ac>
							<type><![CDATA[points]]></type>
							<operator><![CDATA[+]]></operator>
							<value><![CDATA[0]]></value>
						</ac>
					</actions>
				</a>
				<a>
					<body><![CDATA[False]]></body>
					<actions>
						<ac>
							<type><![CDATA[result]]></type>
							<value><![CDATA[1184]]></value>
						</ac>
						<ac>
							<type><![CDATA[points]]></type>
							<operator><![CDATA[+]]></operator>
							<value><![CDATA[1]]></value>
						</ac>
					</actions>
				</a>
			</answers>
		</q>
		<q type = "single select" info_box = "0" info_box_position = "0">
			<title><![CDATA[New question]]></title>
			<body><![CDATA[<b>Do you think the following statement is true or false?&nbsp;</b><div><b><br></b><div>'You need to make an appointment and see your GP to get a blood pressure test.'</div></div>]]></body>
			<answers>
				<a>
					<body><![CDATA[True]]></body>
					<actions>
						<ac>
							<type><![CDATA[result]]></type>
							<value><![CDATA[1187]]></value>
						</ac>
						<ac>
							<type><![CDATA[points]]></type>
							<operator><![CDATA[+]]></operator>
							<value><![CDATA[0]]></value>
						</ac>
					</actions>
				</a>
				<a>
					<body><![CDATA[False]]></body>
					<actions>
						<ac>
							<type><![CDATA[result]]></type>
							<value><![CDATA[1186]]></value>
						</ac>
						<ac>
							<type><![CDATA[points]]></type>
							<operator><![CDATA[+]]></operator>
							<value><![CDATA[1]]></value>
						</ac>
					</actions>
				</a>
			</answers>
		</q>
		<q type = "multiple select" info_box = "0" info_box_position = "0">
			<title><![CDATA[New question]]></title>
			<body><![CDATA[<div>What conditions can high blood pressure lead to? You can pick more than one:</div>]]></body>
			<answers>
				<a>
					<body><![CDATA[Heart attack]]></body>
					<actions>
						<ac>
							<type><![CDATA[result]]></type>
							<value><![CDATA[1191]]></value>
						</ac>
						<ac>
							<type><![CDATA[points]]></type>
							<operator><![CDATA[+]]></operator>
							<value><![CDATA[1]]></value>
						</ac>
					</actions>
				</a>
				<a>
					<body><![CDATA[Stroke]]></body>
					<actions>
						<ac>
							<type><![CDATA[result]]></type>
							<value><![CDATA[1190]]></value>
						</ac>
						<ac>
							<type><![CDATA[points]]></type>
							<operator><![CDATA[+]]></operator>
							<value><![CDATA[1]]></value>
						</ac>
					</actions>
				</a>
				<a>
					<body><![CDATA[Kidney disease]]></body>
					<actions>
						<ac>
							<type><![CDATA[result]]></type>
							<value><![CDATA[1189]]></value>
						</ac>
						<ac>
							<type><![CDATA[points]]></type>
							<operator><![CDATA[+]]></operator>
							<value><![CDATA[1]]></value>
						</ac>
					</actions>
				</a>
				<a>
					<body><![CDATA[Dementia]]></body>
					<actions>
						<ac>
							<type><![CDATA[result]]></type>
							<value><![CDATA[1188]]></value>
						</ac>
						<ac>
							<type><![CDATA[points]]></type>
							<operator><![CDATA[+]]></operator>
							<value><![CDATA[1]]></value>
						</ac>
					</actions>
				</a>
			</answers>
		</q>
		<q type = "multiple select" info_box = "0" info_box_position = "0">
			<title><![CDATA[New question]]></title>
			<body><![CDATA[<div>What factors are known to increase the risk of developing high blood pressure? You can pick more than one.</div>]]></body>
			<answers>
				<a>
					<body><![CDATA[Being overweight]]></body>
					<actions>
						<ac>
							<type><![CDATA[points]]></type>
							<operator><![CDATA[+]]></operator>
							<value><![CDATA[1]]></value>
						</ac>
					</actions>
				</a>
				<a>
					<body><![CDATA[Too much salt in your diet]]></body>
					<actions>
						<ac>
							<type><![CDATA[points]]></type>
							<operator><![CDATA[+]]></operator>
							<value><![CDATA[1]]></value>
						</ac>
					</actions>
				</a>
				<a>
					<body><![CDATA[Not enough physical activity]]></body>
					<actions>
						<ac>
							<type><![CDATA[points]]></type>
							<operator><![CDATA[+]]></operator>
							<value><![CDATA[1]]></value>
						</ac>
					</actions>
				</a>
				<a>
					<body><![CDATA[Drinking too much alcohol]]></body>
					<actions>
						<ac>
							<type><![CDATA[points]]></type>
							<operator><![CDATA[+]]></operator>
							<value><![CDATA[1]]></value>
						</ac>
					</actions>
				</a>
				<a>
					<body><![CDATA[Stress]]></body>
					<actions>
						<ac>
							<type><![CDATA[points]]></type>
							<operator><![CDATA[+]]></operator>
							<value><![CDATA[1]]></value>
						</ac>
					</actions>
				</a>
				<a>
					<body><![CDATA[Family history of high blood pressure]]></body>
					<actions>
						<ac>
							<type><![CDATA[points]]></type>
							<operator><![CDATA[+]]></operator>
							<value><![CDATA[1]]></value>
						</ac>
					</actions>
				</a>
			</answers>
		</q>
	</questions>
	<results>
		<ri type = "progress bar" p1 = "0" p2 = "18" p3 = "Points"><![CDATA[Here's how well you did:]]></ri>
		<ri type = "points triggered result" p1 = "0" p2 = "11" p3 = ""><![CDATA[Oh dear. You don't know very much about blood pressure.&nbsp;The more you know, the better you can protect your health.&nbsp;Here is an overview of the blood pressure facts:]]></ri>
		<ri type = "points triggered result" p1 = "11" p2 = "16" p3 = ""><![CDATA[Well done, you know quite a bit about blood pressure.&nbsp;The more you know, the better you can protect your health.&nbsp;Here is an overview of the blood pressure facts:]]></ri>
		<ri type = "points triggered result" p1 = "16" p2 = "25" p3 = ""><![CDATA[Brilliant! You really know your stuff when it comes to blood pressure. The more you know, the better you can protect your health.&nbsp;Here is an overview of the blood pressure facts:]]></ri>
		<ri type = "accumulated results" p1 = "" p2 = "" p3 = ""><![CDATA[]]></ri>
		<ri type = "text" p1 = "" p2 = "" p3 = ""><![CDATA[<div>All of the factors listed in the final question play an important role in your blood pressure. Making simple lifestyle changes can reduce your risk, such as:</div><div><ul><li>Eating a heart-healthy diet which is calorie-balanced and rich in fruit and vegetables</li><li>Limiting the amount of salt in your diet</li><li>Enjoying regular physical activity</li><li>Maintaining a healthy weight</li><li>Managing your stress levels</li><li>Limiting the amount of alcohol you drink</li></ul></div>]]></ri>
		<ri type = "image" p1 = "null" p2 = "" p3 = ""><![CDATA[]]></ri>
	</results>
	<links>
		<li type = "text" p1 = "" p2 = ""><![CDATA[With high blood pressure affecting over a quarter of all adults in England it is important that everyone takes the time to get checked and to take action to lower their risk. Here are some links to articles that you might find useful:]]></li>
		<li type = "obligatory link" p1 = "" p2 = ""><![CDATA[657]]></li>
		<li type = "obligatory link" p1 = "" p2 = ""><![CDATA[659]]></li>
		<li type = "obligatory link" p1 = "" p2 = ""><![CDATA[663]]></li>
		<li type = "obligatory link" p1 = "" p2 = ""><![CDATA[662]]></li>
		<li type = "obligatory link" p1 = "" p2 = ""><![CDATA[661]]></li>
		<li type = "obligatory link" p1 = "" p2 = ""><![CDATA[660]]></li>
		<li type = "obligatory link" p1 = "" p2 = ""><![CDATA[659]]></li>
		<li type = "obligatory link" p1 = "" p2 = ""><![CDATA[658]]></li>
		<li type = "obligatory link" p1 = "" p2 = ""><![CDATA[664]]></li>
	</links>
	<result_items>
		<ri id = "1170" priority = "0"><![CDATA[You were wrong. In fact, more than 1 in 4 people in England have high blood pressure. It is one of the biggest causes of premature death and disability.]]></ri>
		<ri id = "1171" priority = "0"><![CDATA[You were wrong. In fact, more than 1 in 4 people in England have high blood pressure. It is one of the biggest causes of premature death and disability.]]></ri>
		<ri id = "1172" priority = "0"><![CDATA[You were wrong. In fact, more than 1 in 4 people in England have high blood pressure. It is one of the biggest causes of premature death and disability.]]></ri>
		<ri id = "1169" priority = "0"><![CDATA[You were right. More than 1 in 4 (a quarter) of people  in England have high blood pressure. It is one of the biggest causes of premature death and disability.]]></ri>
		<ri id = "1174" priority = "0"><![CDATA[You were wrong. High blood pressure doesn't usually cause symptoms and the only way to know is if you get tested. This is why it is often known as the ‘silent killer'.]]></ri>
		<ri id = "1173" priority = "0"><![CDATA[You were right. High blood pressure doesn't usually cause symptoms and the only way to know is if you get tested. This is why it is often known as the ‘silent killer'.]]></ri>
		<ri id = "1176" priority = "0"><![CDATA[You were wrong. If high blood pressure runs in your family you're more likely to develop it but you can still reduce your risk by maintaining a healthy weight and eating a balanced diet.]]></ri>
		<ri id = "1175" priority = "0"><![CDATA[You were right. If high blood pressure runs in your family you're more likely to develop it but you can still reduce your risk by maintaining a healthy weight and eating a balanced diet.]]></ri>
		<ri id = "1178" priority = "0"><![CDATA[You were wrong. A diagnosis of high blood pressure does not necessarily mean that you need to begin on medication. Lifestyle changes such as a healthier diet or more physical activity can significantly lower it without medication.]]></ri>
		<ri id = "1177" priority = "0"><![CDATA[You were right. A diagnosis of high blood pressure does not necessarily mean that you need to begin on medication. Lifestyle changes such as a healthier diet or more physical activity can significantly lower it without medication.]]></ri>
		<ri id = "1181" priority = "0"><![CDATA[You were wrong. About 75% of the salt we consume is hidden in processed foods like bread, breakfast cereal and ready meals. Although cutting down on salt will reduce blood pressure, it is not the only cause.]]></ri>
		<ri id = "1180" priority = "0"><![CDATA[You were right. About 75% of the salt we consume is hidden in processed foods like bread, breakfast cereal and ready meals. Although cutting down on salt will reduce blood pressure, it is not the only cause.]]></ri>
		<ri id = "1182" priority = "0"><![CDATA[You were right. Obesity affects around a quarter of adults in England. Obesity multiplies the risk of developing high blood pressure about fourfold in men and almost threefold in women.]]></ri>
		<ri id = "1183" priority = "0"><![CDATA[You were wrong. Obesity affects around a quarter of adults in England. Obesity multiplies the risk of developing high blood pressure about fourfold in men and almost threefold in women.]]></ri>
		<ri id = "1185" priority = "0"><![CDATA[You were wrong. Your blood pressure can fluctuate which is why all adults should get tested at least every 5 years. Those more at risk such as people of African or Caribbean descent, older people or people who are overweight or obese, should be checked more regularly.]]></ri>
		<ri id = "1184" priority = "0"><![CDATA[You were right. Your blood pressure can fluctuate which is why all adults should get tested at least every 5 years. Those more at risk such as people of African or Caribbean descent, older people or people who are overweight or obese, should be checked more regularly.]]></ri>
		<ri id = "1187" priority = "0"><![CDATA[You were wrong. You don't have to see your GP to get a blood pressure test. Nurses or healthcare assistants can test you, some surgeries have self-service machines, many pharmacies offer free tests and you can even buy accurate monitors to use at home.
If you are between 40 – 74 years old, you could get your blood pressure tested through the free NHS Health Check programme.]]></ri>
		<ri id = "1186" priority = "0"><![CDATA[You were right. You don't have to see your GP to get a blood pressure test. Nurses or healthcare assistants can test you, some surgeries have self-service machines, many pharmacies offer free tests and you can even buy accurate monitors to use at home.
If you are between 40 – 74 years old, you could get your blood pressure tested through the free NHS Health Check programme.]]></ri>
		<ri id = "1191" priority = "0"><![CDATA[You correctly identified that high blood pressure can lead to a heart attack.]]></ri>
		<ri id = "1190" priority = "0"><![CDATA[You correctly identified that high blood pressure can lead to stroke.]]></ri>
		<ri id = "1189" priority = "0"><![CDATA[You correctly identified that high blood pressure can lead to kidney disease.]]></ri>
		<ri id = "1188" priority = "0"><![CDATA[You correctly identified that high blood pressure can lead to dementia.]]></ri>
	</result_items>
	<link_items>
		<ri id = "657" url = "http://www.nhs.uk/conditions/Blood-pressure-(high)/Pages/Introduction.aspx"><![CDATA[Learn more about high blood pressure]]></ri>		<ri id = "659" url = "http://www.nhs.uk/livewell/healthyhearts/Pages/Healthyheartshome.aspx"><![CDATA[Read all about having a healthier heart]]></ri>		<ri id = "663" url = "http://www.nhs.uk/Livewell/Goodfood/Pages/salt.aspx"><![CDATA[Read all about salt and how it can contribute]]></ri>		<ri id = "662" url = "http://www.nhs.uk/change4life/Pages/change-for-life.aspx"><![CDATA[If its time to make a change, try Change4Life]]></ri>		<ri id = "661" url = "http://www.nhs.uk/livewell/hypertension/pages/keepbloodpressurehealthy.aspx"><![CDATA[Is your blood pressure healthy?]]></ri>		<ri id = "660" url = "http://www.nhs.uk/Livewell/Healthyhearts/Pages/Healthy-heart-tips.aspx"><![CDATA[Get 10 top tips on how to have a healthier heart]]></ri>		<ri id = "658" url = "http://www.nhs.uk/Conditions/nhs-health-check/Pages/NHS-Health-Check.aspx"><![CDATA[Learn about the over 40s NHS Health Check]]></ri>		<ri id = "664" url = "https://www.gov.uk/government/organisations/public-health-england"><![CDATA[More information for professionals]]></ri>	</link_items>
	<qvars>
	</qvars>
	<info_boxes>
		<ib  id = "0">
			<title><![CDATA[]]></title>
			<body><![CDATA[]]></body>
			<name><![CDATA[]]></name>
		</ib>
	</info_boxes>
	<videos>
	</videos>
</root>
