<?xml version="1.0" encoding="utf-8"?>
<root>
	<config>
		<id>65</id>		
		<title>Drinking self-assessment</title>		
		<colour_1>669900|9BC363</colour_1>
		<colour_2>669900|9BC363</colour_2>
		<colour_3>669900|9BC363</colour_3>
		<intro_title><![CDATA[Are you drinking too much?]]></intro_title>		
		<intro_copy><![CDATA[If you're worried about the amount you are drinking, take this short test.<br><br>It'll help you to assess the effects of your drinking and if it suggests you're drinking too much, you'll get advice on how to cut down or seek further help.&nbsp;]]></intro_copy>		
		<intro_copy_alt><![CDATA[<br>]]></intro_copy_alt>		
		<intro_foot><![CDATA[<br>]]></intro_foot>		
		<intro_graphic><![CDATA[Drinking.jpg]]></intro_graphic>		
		<intro_graphic_alt><![CDATA[]]></intro_graphic_alt>		
		<hr_intro_graphic_alt><![CDATA[]]></hr_intro_graphic_alt>		
		<intro_graphic_position><![CDATA[6]]></intro_graphic_position>		
		<dimensions>362x376</dimensions>		
		<print_title>Your checklist</print_title>		
		<reporting>0</reporting>		
		<syndication_footer>0</syndication_footer>		
	</config>
	<questions>
		<q type = "single select" info_box = "0" info_box_position = "0">
			<title><![CDATA[New question]]></title>
			<body><![CDATA[<div>In a typical month, how often do you have a drink containing alcohol?</div>]]></body>
			<answers>
				<a>
					<body><![CDATA[Never]]></body>
					<actions>
						<ac>
							<type>points</type>
							<operator>+</operator>
							<value>0</value>
						</ac>
					</actions>
				</a>
				<a>
					<body><![CDATA[Once a month or less]]></body>
					<actions>
						<ac>
							<type>points</type>
							<operator>+</operator>
							<value>1</value>
						</ac>
					</actions>
				</a>
				<a>
					<body><![CDATA[2 to 4 times a month]]></body>
					<actions>
						<ac>
							<type>points</type>
							<operator>+</operator>
							<value>2</value>
						</ac>
					</actions>
				</a>
				<a>
					<body><![CDATA[2 to 3 times a week]]></body>
					<actions>
						<ac>
							<type>points</type>
							<operator>+</operator>
							<value>3</value>
						</ac>
					</actions>
				</a>
				<a>
					<body><![CDATA[4 or more times a week]]></body>
					<actions>
						<ac>
							<type>points</type>
							<operator>+</operator>
							<value>4</value>
						</ac>
					</actions>
				</a>
			</answers>
		</q>
		<q type = "single select" info_box = "238" info_box_position = "0">
			<title><![CDATA[New question]]></title>
			<body><![CDATA[<div>How many units of alcohol do you have on a typical day when you are drinking?</div>]]></body>
			<answers>
				<a>
					<body><![CDATA[1-2]]></body>
					<actions>
						<ac>
							<type>points</type>
							<operator>+</operator>
							<value>0</value>
						</ac>
					</actions>
				</a>
				<a>
					<body><![CDATA[3-4]]></body>
					<actions>
						<ac>
							<type>points</type>
							<operator>+</operator>
							<value>1</value>
						</ac>
					</actions>
				</a>
				<a>
					<body><![CDATA[5-6]]></body>
					<actions>
						<ac>
							<type>points</type>
							<operator>+</operator>
							<value>2</value>
						</ac>
					</actions>
				</a>
				<a>
					<body><![CDATA[7-8]]></body>
					<actions>
						<ac>
							<type>points</type>
							<operator>+</operator>
							<value>3</value>
						</ac>
					</actions>
				</a>
				<a>
					<body><![CDATA[9+]]></body>
					<actions>
						<ac>
							<type>points</type>
							<operator>+</operator>
							<value>4</value>
						</ac>
					</actions>
				</a>
			</answers>
		</q>
		<q type = "single select" info_box = "240" info_box_position = "0">
			<title><![CDATA[New question]]></title>
			<body><![CDATA[How often do you have six or more units on one occasion?]]></body>
			<answers>
				<a>
					<body><![CDATA[Never]]></body>
					<actions>
						<ac>
							<type>points</type>
							<operator>+</operator>
							<value>0</value>
						</ac>
					</actions>
				</a>
				<a>
					<body><![CDATA[Less than monthly]]></body>
					<actions>
						<ac>
							<type>points</type>
							<operator>+</operator>
							<value>1</value>
						</ac>
					</actions>
				</a>
				<a>
					<body><![CDATA[Monthly]]></body>
					<actions>
						<ac>
							<type>points</type>
							<operator>+</operator>
							<value>2</value>
						</ac>
					</actions>
				</a>
				<a>
					<body><![CDATA[Weekly]]></body>
					<actions>
						<ac>
							<type>points</type>
							<operator>+</operator>
							<value>3</value>
						</ac>
					</actions>
				</a>
				<a>
					<body><![CDATA[Daily or almost daily ]]></body>
					<actions>
						<ac>
							<type>points</type>
							<operator>+</operator>
							<value>4</value>
						</ac>
					</actions>
				</a>
			</answers>
		</q>
		<q type = "single select" info_box = "0" info_box_position = "0">
			<title><![CDATA[New question]]></title>
			<body><![CDATA[How often during the last year have you found that you were not able to stop drinking once you had started?]]></body>
			<answers>
				<a>
					<body><![CDATA[Never]]></body>
					<actions>
						<ac>
							<type>points</type>
							<operator>+</operator>
							<value>0</value>
						</ac>
					</actions>
				</a>
				<a>
					<body><![CDATA[Less than monthly]]></body>
					<actions>
						<ac>
							<type>points</type>
							<operator>+</operator>
							<value>1</value>
						</ac>
					</actions>
				</a>
				<a>
					<body><![CDATA[Monthly]]></body>
					<actions>
						<ac>
							<type>points</type>
							<operator>+</operator>
							<value>2</value>
						</ac>
					</actions>
				</a>
				<a>
					<body><![CDATA[Weekly]]></body>
					<actions>
						<ac>
							<type>points</type>
							<operator>+</operator>
							<value>3</value>
						</ac>
					</actions>
				</a>
				<a>
					<body><![CDATA[Daily or almost daily]]></body>
					<actions>
						<ac>
							<type>points</type>
							<operator>+</operator>
							<value>4</value>
						</ac>
					</actions>
				</a>
			</answers>
		</q>
		<q type = "single select" info_box = "0" info_box_position = "0">
			<title><![CDATA[New question]]></title>
			<body><![CDATA[How often during the last year have you failed to do what was normally expected from you because of your drinking?]]></body>
			<answers>
				<a>
					<body><![CDATA[Never]]></body>
					<actions>
						<ac>
							<type>points</type>
							<operator>+</operator>
							<value>0</value>
						</ac>
					</actions>
				</a>
				<a>
					<body><![CDATA[Less than monthly]]></body>
					<actions>
						<ac>
							<type>points</type>
							<operator>+</operator>
							<value>1</value>
						</ac>
					</actions>
				</a>
				<a>
					<body><![CDATA[Monthly]]></body>
					<actions>
						<ac>
							<type>points</type>
							<operator>+</operator>
							<value>2</value>
						</ac>
					</actions>
				</a>
				<a>
					<body><![CDATA[Weekly]]></body>
					<actions>
						<ac>
							<type>points</type>
							<operator>+</operator>
							<value>3</value>
						</ac>
					</actions>
				</a>
				<a>
					<body><![CDATA[Daily or almost daily]]></body>
					<actions>
						<ac>
							<type>points</type>
							<operator>+</operator>
							<value>4</value>
						</ac>
					</actions>
				</a>
			</answers>
		</q>
		<q type = "single select" info_box = "0" info_box_position = "0">
			<title><![CDATA[New question]]></title>
			<body><![CDATA[How often during the last year have you needed an alcoholic drink in the morning to get yourself going after a heavy drinking session?]]></body>
			<answers>
				<a>
					<body><![CDATA[Never]]></body>
					<actions>
						<ac>
							<type>points</type>
							<operator>+</operator>
							<value>0</value>
						</ac>
					</actions>
				</a>
				<a>
					<body><![CDATA[Less than monthly]]></body>
					<actions>
						<ac>
							<type>points</type>
							<operator>+</operator>
							<value>1</value>
						</ac>
					</actions>
				</a>
				<a>
					<body><![CDATA[Monthly]]></body>
					<actions>
						<ac>
							<type>points</type>
							<operator>+</operator>
							<value>2</value>
						</ac>
					</actions>
				</a>
				<a>
					<body><![CDATA[Weekly]]></body>
					<actions>
						<ac>
							<type>points</type>
							<operator>+</operator>
							<value>3</value>
						</ac>
					</actions>
				</a>
				<a>
					<body><![CDATA[Daily or almost daily]]></body>
					<actions>
						<ac>
							<type>points</type>
							<operator>+</operator>
							<value>4</value>
						</ac>
					</actions>
				</a>
			</answers>
		</q>
		<q type = "single select" info_box = "0" info_box_position = "0">
			<title><![CDATA[New question]]></title>
			<body><![CDATA[How often during the last year have you had a feeling of guilt or remorse after drinking?]]></body>
			<answers>
				<a>
					<body><![CDATA[Never]]></body>
					<actions>
						<ac>
							<type>points</type>
							<operator>+</operator>
							<value>0</value>
						</ac>
					</actions>
				</a>
				<a>
					<body><![CDATA[Less than monthly]]></body>
					<actions>
						<ac>
							<type>points</type>
							<operator>+</operator>
							<value>1</value>
						</ac>
					</actions>
				</a>
				<a>
					<body><![CDATA[Monthly]]></body>
					<actions>
						<ac>
							<type>points</type>
							<operator>+</operator>
							<value>2</value>
						</ac>
					</actions>
				</a>
				<a>
					<body><![CDATA[Weekly]]></body>
					<actions>
						<ac>
							<type>points</type>
							<operator>+</operator>
							<value>3</value>
						</ac>
					</actions>
				</a>
				<a>
					<body><![CDATA[Daily or almost daily]]></body>
					<actions>
						<ac>
							<type>points</type>
							<operator>+</operator>
							<value>4</value>
						</ac>
					</actions>
				</a>
			</answers>
		</q>
		<q type = "single select" info_box = "0" info_box_position = "0">
			<title><![CDATA[New question]]></title>
			<body><![CDATA[How often during the last year have you been unable to remember what happened the night before because you had been drinking?]]></body>
			<answers>
				<a>
					<body><![CDATA[Never]]></body>
					<actions>
						<ac>
							<type>points</type>
							<operator>+</operator>
							<value>0</value>
						</ac>
					</actions>
				</a>
				<a>
					<body><![CDATA[Less than monthly]]></body>
					<actions>
						<ac>
							<type>points</type>
							<operator>+</operator>
							<value>1</value>
						</ac>
					</actions>
				</a>
				<a>
					<body><![CDATA[Monthly]]></body>
					<actions>
						<ac>
							<type>points</type>
							<operator>+</operator>
							<value>2</value>
						</ac>
					</actions>
				</a>
				<a>
					<body><![CDATA[Weekly]]></body>
					<actions>
						<ac>
							<type>points</type>
							<operator>+</operator>
							<value>3</value>
						</ac>
					</actions>
				</a>
				<a>
					<body><![CDATA[Daily]]></body>
					<actions>
						<ac>
							<type>points</type>
							<operator>+</operator>
							<value>4</value>
						</ac>
					</actions>
				</a>
			</answers>
		</q>
		<q type = "single select" info_box = "0" info_box_position = "0">
			<title><![CDATA[New question]]></title>
			<body><![CDATA[<div>Have you or somebody else been injured as a result of your drinking?</div>]]></body>
			<answers>
				<a>
					<body><![CDATA[No, this has never happened]]></body>
					<actions>
						<ac>
							<type>points</type>
							<operator>+</operator>
							<value>0</value>
						</ac>
					</actions>
				</a>
				<a>
					<body><![CDATA[Yes, but not in the past year]]></body>
					<actions>
						<ac>
							<type>points</type>
							<operator>+</operator>
							<value>2</value>
						</ac>
					</actions>
				</a>
				<a>
					<body><![CDATA[Yes, during the past year]]></body>
					<actions>
						<ac>
							<type>points</type>
							<operator>+</operator>
							<value>4</value>
						</ac>
					</actions>
				</a>
			</answers>
		</q>
		<q type = "single select" info_box = "0" info_box_position = "0">
			<title><![CDATA[New question]]></title>
			<body><![CDATA[Has a relative, friend, doctor or healthworker been concerned about your drinking or suggested you cut down?]]></body>
			<answers>
				<a>
					<body><![CDATA[No, this has never happened]]></body>
					<actions>
						<ac>
							<type>points</type>
							<operator>+</operator>
							<value>0</value>
						</ac>
					</actions>
				</a>
				<a>
					<body><![CDATA[Yes, but not in the past year]]></body>
					<actions>
						<ac>
							<type>points</type>
							<operator>+</operator>
							<value>2</value>
						</ac>
					</actions>
				</a>
				<a>
					<body><![CDATA[Yes, during the past year]]></body>
					<actions>
						<ac>
							<type>points</type>
							<operator>+</operator>
							<value>4</value>
						</ac>
					</actions>
				</a>
			</answers>
		</q>
	</questions>
	<results>
		<ri type = "points triggered result" p1 = "0" p2 = "8" p3 = ""><![CDATA[Based on your answers you're drinking in a way that is sociable and unlikely to harm your health.<div><br></div><div>As long as your drinking remains within recommended levels, you are considered a 'lower-risk' drinker. This means there is only a low risk that the way you drink will contribute to future health problems.</div><div><br></div><div>The NHS recommends that women should not regularly drink more than 2-3 units a day and men should not regularly drink more than 3-4 units a day.</div><div><br></div><div>Drinking consistently within these limits is called 'lower-risk' rather than 'safe' because drinking alcohol is never completely safe.</div><div><br></div><div>Remember, there can be risks from one-off episodes of heavy drinking too.</div>]]></ri>
		<ri type = "points triggered result" p1 = "8" p2 = "20" p3 = ""><![CDATA[<div><div>Based on your answers today you are drinking at harmful levels.</div><div><br></div><div>The NHS recommends that women should not regularly drink more than 2-3 units a day and men should not regularly drink more than 3-4. If you drink every day, it’s recommended that you have at least two alcohol-free days a week.</div><div><br></div><div>Alcohol affects all parts and systems of the body and if you are regularly drinking above the guidelines, your risk of developing a serious illness is higher than non-drinkers. This includes cancer of the mouth, neck and throat, breast cancer in women, liver cirrhosis and high blood pressure.</div><div><br></div><div>At these levels of drinking, you may already have alcohol-related problems, such as fatigue or depression, weight gain, poor sleep and sexual problems. You’re probably in worse physical shape than you would be otherwise. Also, you could easily have higher blood pressure due to your drinking.</div><div><br></div><div>Some people argue a lot when they drink, which can negatively affect their relationships with family and friends.</div><div><br></div><div>The following can help you cut down:</div><div><ul><li>Work out a daily limit and stick to it</li><li>Plan activities that don't involve drinking</li><li>Eat before and while you're drinking</li><li>Don't let anyone top up your drinks</li><li>Tell your friends you're cutting down</li><li>Count your units</li></ul></div></div>]]></ri>
		<ri type = "points triggered result" p1 = "20" p2 = "41" p3 = ""><![CDATA[<div>Based on your answers today you are drinking at harmful levels and your drinking is already causing you problems.&nbsp;</div><div><br></div><div>The NHS recommends that women should not regularly drink more than 2-3 units a day and men should not regularly drink more than 3-4 units a day.&nbsp;If you drink every day, it’s recommended that you have at least two alcohol-free days a week.</div><div>&nbsp;</div><div>Compared to non-drinkers, you have a much higher risk of developing alcohol-related health problems. If you regularly drink above higher-risk levels you could be:&nbsp;</div><div><ul><li>3-5 times more likely to get cancer of the mouth, neck and throat.</li><li>3-10 times more likely to develop liver cirrhosis</li><li>Twice as likely to have an irregular heartbeat</li><li>At four times the risk of having high blood pressure as a man, and women are at least twice as likely to develop it</li><li>As a woman - around 1.5 times as likely to get breast cancer</li></ul></div><div>At these levels of drinking, you may already have alcohol-related problems, such as fatigue or depression, weight gain, poor sleep and sexual problems. You’re probably in worse physical shape than you would be otherwise. Also, you could easily have higher blood pressure due to your drinking.</div><div><br></div><div>Some people argue a lot when they drink, which can negatively affect their relationships with family and friends.</div><div><br></div><div>If you want help to reduce your drinking, you can find local alcohol services in 'Useful links' or your GP will be able to help you find them. You can also contact the National Drinkline 0800 917 8282 open 24 hours, seven days a week.</div>]]></ri>
	</results>
	<links>
		<li type = "text" p1 = "" p2 = ""><![CDATA[Here are some useful links:]]></li>
		<li type = "obligatory link" p1 = "" p2 = ""><![CDATA[532]]></li>
		<li type = "obligatory link" p1 = "" p2 = ""><![CDATA[547]]></li>
		<li type = "obligatory link" p1 = "" p2 = ""><![CDATA[533]]></li>
		<li type = "obligatory link" p1 = "" p2 = ""><![CDATA[534]]></li>
		<li type = "obligatory link" p1 = "" p2 = ""><![CDATA[531]]></li>
		<li type = "obligatory link" p1 = "" p2 = ""><![CDATA[535]]></li>
		<li type = "obligatory link" p1 = "" p2 = ""><![CDATA[536]]></li>
		<li type = "obligatory link" p1 = "" p2 = ""><![CDATA[537]]></li>
		<li type = "obligatory link" p1 = "" p2 = ""><![CDATA[538]]></li>
		<li type = "obligatory link" p1 = "" p2 = ""><![CDATA[546]]></li>
	</links>
	<result_items>
	</result_items>
	<link_items>
		<ri id = "532" url = "http://www.nhs.uk/Tools/Pages/Alcohol-unit-calculator.aspx">
Alcohol units calculator		</ri>
		<ri id = "547" url = "http://www.nhs.uk/Service-Search/Alcohol-addiction/LocationSearch/1805">
Find services near you		</ri>
		<ri id = "533" url = "http://www.nhs.uk/Tools/Pages/iphonedrinks.aspx">
Drinks tracker iPhone app		</ri>
		<ri id = "534" url = "http://www.nhs.uk/Livewell/alcohol/Pages/Socialdrinking.aspx">
Social drinking: the risks		</ri>
		<ri id = "531" url = "http://www.nhs.uk/Livewell/alcohol/Pages/Alcoholsupport.aspx">
Where to get help if you need it		</ri>
		<ri id = "535" url = "http://www.nhs.uk/Livewell/alcohol/Pages/Bingedrinking.aspx">
The effects of binge drinking		</ri>
		<ri id = "536" url = "http://www.nhs.uk/Tools/Pages/alcohol-myths.aspx">
Alcohol myth buster		</ri>
		<ri id = "537" url = "http://www.nhs.uk/video/Pages/alcoholunitswomen.aspx">
Video: Alcohol units and women		</ri>
		<ri id = "538" url = "http://www.nhs.uk/video/Pages/alcoholunitsmen.aspx">
Video: Alcohol units and men		</ri>
		<ri id = "546" url = "http://www.nhs.uk/Livewell/alcohol/Pages/alcohol-units.aspx">
What's in a unit?		</ri>
	</link_items>
	<qvars>
	</qvars>
	<info_boxes>
		<ib  id = "0">
			<title><![CDATA[]]></title>
			<body><![CDATA[]]></body>
			<name><![CDATA[]]></name>
		</ib>
		<ib  id = "238">
			<title><![CDATA[What is a unit?]]></title>
			<body><![CDATA[<div>You can't just count each drink as a unit of alcohol. The number of units depends on the different strength and size of each drink, so it can vary a lot.</div><div><br></div><div>Here are some examples:</div><div><ul><li>Pint of beer, 4%, is 2.3 units</li><li>500ml can of strong lager, 6%, 3 units</li><li>250ml glass of wine, 11%, 2.8 units</li><li>330ml can of cider, 5%, 1.7 units</li><li>Single (25ml) measure of spirits (e.g. vodka or gin), 1 unit</li></ul></div>]]></body>
			<name><![CDATA[What is a unit?]]></name>
		</ib>
		<ib  id = "240">
			<title><![CDATA[What's binge drinking?]]></title>
			<body><![CDATA[<div>Binge drinking usually refers to drinking lots of alcohol in a short space of time or drinking to get drunk.&nbsp;</div><div><br></div><div>There is no consistently agreed measure of binge drinking but drinking more than eight units on any day for men, and more than six units for women, is the measure normally used.</div><div><br></div><div>The vital thing is to avoid drinking heavily in one session or drinking to intoxication.</div><div><br></div><div>Binge drinking is a major factor in accidents, violence and anti-social behaviour.</div>]]></body>
			<name><![CDATA[What's binge drinking?]]></name>
		</ib>
	</info_boxes>
	<videos>
	</videos>
</root>
