<?xml version="1.0" encoding="utf-8"?>
<root>
	<config>
		<id>76</id>		
		<title>Blood pressure quiz</title>		
		<colour_1>0064B7|0684EB</colour_1>
		<colour_2>A90000|FB3103</colour_2>
		<colour_3>A90000|FB3103</colour_3>
		<intro_title><![CDATA[Test your knowledge]]></intro_title>		
		<intro_copy><![CDATA[Around 30% of people in England have high blood pressure but many don't know it. If left untreated, high blood pressure increases your risk of a heart attack or stroke.<br>It's important to know what affects our blood pressure and what you can do to keep your blood pressure at a healthy level.<br>Take this short quiz and see how much you know.]]></intro_copy>		
		<intro_copy_alt><![CDATA[High blood pressure is often called the 'silent killer' because so many people don't know they have it. If left untreated, high blood pressure increases your risk of a heart attack or stroke.<br><br>It's important to know what affects our blood pressure and what you can do to keep your blood pressure at a healthy level.<br><br>Take this short quiz and see how much you know.]]></intro_copy_alt>		
		<intro_foot><![CDATA[<br>]]></intro_foot>		
		<intro_graphic><![CDATA[]]></intro_graphic>		
		<intro_graphic_alt><![CDATA[bp-phe1.png]]></intro_graphic_alt>		
		<hr_intro_graphic_alt><![CDATA[spacer.png]]></hr_intro_graphic_alt>		
		<intro_graphic_position><![CDATA[6]]></intro_graphic_position>		
		<intro_graphic_position_m><![CDATA[6]]></intro_graphic_position_m>		
		<dimensions_f>362x466</dimensions_f>		
		<dimensions_j>362x466</dimensions_j>		
		<print_title>Your checklist</print_title>		
		<reporting>0</reporting>		
		<syndication_footer>0</syndication_footer>		
		<img_alt>blood pressure quiz image</img_alt>		
		<js_body_w>100%</js_body_w>		
		<js_body_top>1em</js_body_top>		
		<js_body_left>0em</js_body_left>		
		<quiz>1</quiz>		
	</config>
	<questions>
		<q type = "single select" info_box = "0" info_box_position = "0">
			<title><![CDATA[New question]]></title>
			<body><![CDATA[Are you?]]></body>
			<quiz_summary><![CDATA[More than 1 in 4 (a quarter) of people in England have high blood pressure.]]></quiz_summary>
			<quiz_answer><![CDATA[1 in 4]]></quiz_answer>
			<quiz_check><![CDATA[More than 1 in 4 (a quarter) of people in England have high blood pressure (hypertension) - it is one of the biggest causes of premature death and disability.]]></quiz_check>
			<quiz_active>0</quiz_active>
			<answers>
				<a>
					<body><![CDATA[male]]></body>
					<actions>
						<ac>
							<type><![CDATA[set variable]]></type>
							<sub_type><![CDATA[gender]]></sub_type>
							<operator><![CDATA[=]]></operator>
							<value><![CDATA[male]]></value>
						</ac>
					</actions>
				</a>
				<a>
					<body><![CDATA[female]]></body>
					<actions>
						<ac>
							<type><![CDATA[set variable]]></type>
							<sub_type><![CDATA[gender]]></sub_type>
							<operator><![CDATA[=]]></operator>
							<value><![CDATA[female]]></value>
						</ac>
					</actions>
				</a>
			</answers>
		</q>
		<q type = "true/false" info_box = "0" info_box_position = "0">
			<title><![CDATA[New question]]></title>
			<body><![CDATA[<div>Do you think the following statement is true or false?</div><div>'If you don’t have any symptoms you don’t need a blood pressure test'</div>]]></body>
			<quiz_summary><![CDATA[High blood pressure doesn't usually cause symptoms and the only way to know your blood pressure is to get tested.]]></quiz_summary>
			<quiz_answer><![CDATA[false]]></quiz_answer>
			<quiz_check><![CDATA[High blood pressure doesn't usually cause symptoms and the only way to know your blood pressure is to get tested.<br><br>This is why it is often known as the ‘silent killer'.]]></quiz_check>
			<quiz_active>1</quiz_active>
			<answers>
				<a>
					<body><![CDATA[True]]></body>
					<actions>
						<ac>
							<type><![CDATA[quiz]]></type>
							<value><![CDATA[0]]></value>
						</ac>
					</actions>
				</a>
				<a>
					<body><![CDATA[False]]></body>
					<actions>
						<ac>
							<type><![CDATA[quiz]]></type>
							<value><![CDATA[1]]></value>
						</ac>
					</actions>
				</a>
			</answers>
		</q>
		<q type = "true/false" info_box = "0" info_box_position = "0">
			<title><![CDATA[New question]]></title>
			<body><![CDATA[Do you think the following statement is true or false?<br>'If high blood pressure runs in your family there is nothing you can do to stop developing high blood pressure yourself']]></body>
			<quiz_summary><![CDATA[If high blood pressure runs in your family you're more likely to develop it.]]></quiz_summary>
			<quiz_answer><![CDATA[false]]></quiz_answer>
			<quiz_check><![CDATA[If high blood pressure runs in your family you're more likely to develop it, but you can still reduce your risk by maintaining a healthy weight and eating a balanced diet.]]></quiz_check>
			<quiz_active>1</quiz_active>
			<answers>
				<a>
					<body><![CDATA[True]]></body>
					<actions>
						<ac>
							<type><![CDATA[quiz]]></type>
							<value><![CDATA[0]]></value>
						</ac>
					</actions>
				</a>
				<a>
					<body><![CDATA[False]]></body>
					<actions>
						<ac>
							<type><![CDATA[quiz]]></type>
							<value><![CDATA[1]]></value>
						</ac>
					</actions>
				</a>
			</answers>
		</q>
		<q type = "true/false" info_box = "0" info_box_position = "0">
			<title><![CDATA[New question]]></title>
			<body><![CDATA[If you have high blood pressure you will need to take medication for life]]></body>
			<quiz_summary><![CDATA[A diagnosis of high blood pressure does not necessarily mean that you will need to begin taking medication.]]></quiz_summary>
			<quiz_answer><![CDATA[false]]></quiz_answer>
			<quiz_check><![CDATA[A diagnosis of high blood pressure does not necessarily mean that you will need to begin taking medication. Simple lifestyle changes, such as having a healthier diet or being more active, can significantly lower your blood pressure without medication.]]></quiz_check>
			<quiz_active>1</quiz_active>
			<answers>
				<a>
					<body><![CDATA[True]]></body>
					<actions>
						<ac>
							<type><![CDATA[quiz]]></type>
							<value><![CDATA[0]]></value>
						</ac>
					</actions>
				</a>
				<a>
					<body><![CDATA[False]]></body>
					<actions>
						<ac>
							<type><![CDATA[quiz]]></type>
							<value><![CDATA[1]]></value>
						</ac>
					</actions>
				</a>
			</answers>
		</q>
		<q type = "true/false" info_box = "0" info_box_position = "0">
			<title><![CDATA[New question]]></title>
			<body><![CDATA[I don’t add extra salt to my food so my blood pressure can’t be high]]></body>
			<quiz_summary><![CDATA[Although cutting down on salt will reduce blood pressure, it is not the only cause.]]></quiz_summary>
			<quiz_answer><![CDATA[false]]></quiz_answer>
			<quiz_check><![CDATA[About 75% of the salt we consume is hidden in processed foods such as bread, breakfast cereal and ready meals. Although cutting down on salt will reduce blood pressure, it is not the only cause.]]></quiz_check>
			<quiz_active>1</quiz_active>
			<answers>
				<a>
					<body><![CDATA[True]]></body>
					<actions>
						<ac>
							<type><![CDATA[quiz]]></type>
							<value><![CDATA[0]]></value>
						</ac>
					</actions>
				</a>
				<a>
					<body><![CDATA[False]]></body>
					<actions>
						<ac>
							<type><![CDATA[quiz]]></type>
							<value><![CDATA[1]]></value>
						</ac>
					</actions>
				</a>
			</answers>
		</q>
		<q type = "true/false" info_box = "0" info_box_position = "0">
			<title><![CDATA[New question]]></title>
			<body><![CDATA[Do you think the following statement is true or false? 'If a man is obese he is 4 times more likely to develop high blood pressure']]></body>
			<quiz_summary><![CDATA[Obesity multiplies the risk of developing high blood pressure about fourfold in men and almost threefold in women.]]></quiz_summary>
			<quiz_answer><![CDATA[true]]></quiz_answer>
			<quiz_check><![CDATA[Obesity affects around a quarter of adults in England. Obesity multiplies the risk of developing high blood pressure about fourfold in men and almost threefold in women.]]></quiz_check>
			<quiz_active>1</quiz_active>
			<answers>
				<a>
					<body><![CDATA[True]]></body>
					<actions>
						<ac>
							<type><![CDATA[quiz]]></type>
							<value><![CDATA[1]]></value>
						</ac>
					</actions>
				</a>
				<a>
					<body><![CDATA[False]]></body>
					<actions>
						<ac>
							<type><![CDATA[quiz]]></type>
							<value><![CDATA[0]]></value>
						</ac>
					</actions>
				</a>
			</answers>
		</q>
		<q type = "true/false" info_box = "0" info_box_position = "0">
			<title><![CDATA[New question]]></title>
			<body><![CDATA[Do you think the following statement is true or false? 'I had my blood pressure checked around 5 years ago so I know my blood pressure is low']]></body>
			<quiz_summary><![CDATA[Your blood pressure can fluctuate, which is why all adults should get tested at least every 5 years. ]]></quiz_summary>
			<quiz_answer><![CDATA[false]]></quiz_answer>
			<quiz_check><![CDATA[Your blood pressure can fluctuate, which is why all adults should get tested at least every 5 years. Those more at risk - such as people of African or Caribbean descent, older people or people who are overweight or obese - should be checked more regularly.]]></quiz_check>
			<quiz_active>1</quiz_active>
			<answers>
				<a>
					<body><![CDATA[True]]></body>
					<actions>
						<ac>
							<type><![CDATA[quiz]]></type>
							<value><![CDATA[0]]></value>
						</ac>
					</actions>
				</a>
				<a>
					<body><![CDATA[False]]></body>
					<actions>
						<ac>
							<type><![CDATA[quiz]]></type>
							<value><![CDATA[1]]></value>
						</ac>
					</actions>
				</a>
			</answers>
		</q>
		<q type = "true/false" info_box = "0" info_box_position = "0">
			<title><![CDATA[New question]]></title>
			<body><![CDATA[Do you think the following statement is true or false? 'You need to make an appointment and see your GP to get a blood pressure test']]></body>
			<quiz_summary><![CDATA[You don't have to see your GP to get a blood pressure test. Nurses or healthcare assistants can test you.]]></quiz_summary>
			<quiz_answer><![CDATA[false]]></quiz_answer>
			<quiz_check><![CDATA[You don't have to see your GP to get a blood pressure test. Nurses or healthcare assistants can test you, some surgeries have self-service machines, many pharmacies offer free tests and you can even buy cheap, accurate monitors to use at home. If you are between the ages of 40 and 74, you could get your blood pressure tested through the free NHS Health Check programme.]]></quiz_check>
			<quiz_active>1</quiz_active>
			<answers>
				<a>
					<body><![CDATA[True]]></body>
					<actions>
						<ac>
							<type><![CDATA[quiz]]></type>
							<value><![CDATA[0]]></value>
						</ac>
					</actions>
				</a>
				<a>
					<body><![CDATA[False]]></body>
					<actions>
						<ac>
							<type><![CDATA[quiz]]></type>
							<value><![CDATA[1]]></value>
						</ac>
					</actions>
				</a>
			</answers>
		</q>
		<q type = "multiple select" info_box = "0" info_box_position = "0">
			<title><![CDATA[New question]]></title>
			<body><![CDATA[What conditions can high blood pressure lead to? You can pick more than one:]]></body>
			<quiz_summary><![CDATA[High blood pressure is a risk factor for heart attack, stroke, kidney disease and dementia.]]></quiz_summary>
			<quiz_answer><![CDATA[they all do]]></quiz_answer>
			<quiz_check><![CDATA[High blood pressure is a risk factor for heart attack, stroke, kidney disease and dementia.]]></quiz_check>
			<quiz_active>1</quiz_active>
			<answers>
				<a>
					<body><![CDATA[Heart attack]]></body>
					<actions>
						<ac>
							<type><![CDATA[quiz]]></type>
							<value><![CDATA[1]]></value>
						</ac>
					</actions>
				</a>
				<a>
					<body><![CDATA[ Stroke]]></body>
					<actions>
						<ac>
							<type><![CDATA[quiz]]></type>
							<value><![CDATA[1]]></value>
						</ac>
					</actions>
				</a>
				<a>
					<body><![CDATA[ Kidney disease]]></body>
					<actions>
						<ac>
							<type><![CDATA[quiz]]></type>
							<value><![CDATA[1]]></value>
						</ac>
					</actions>
				</a>
				<a>
					<body><![CDATA[ Dementia]]></body>
					<actions>
						<ac>
							<type><![CDATA[quiz]]></type>
							<value><![CDATA[1]]></value>
						</ac>
					</actions>
				</a>
			</answers>
		</q>
		<q type = "multiple select" info_box = "0" info_box_position = "0">
			<title><![CDATA[New question]]></title>
			<body><![CDATA[What factors are known to increase the risk of developing high blood pressure? You can pick more than one.]]></body>
			<quiz_summary><![CDATA[Being overweight, too much salt in your diet, not being active enough, drinking too much alcohol, stress and family history are all risk factors.]]></quiz_summary>
			<quiz_answer><![CDATA[they all do]]></quiz_answer>
			<quiz_check><![CDATA[Being overweight, too much salt in your diet, not being active enough, drinking too much alcohol, stress and family history are all risk factors.]]></quiz_check>
			<quiz_active>1</quiz_active>
			<answers>
				<a>
					<body><![CDATA[ Being overweight]]></body>
					<actions>
						<ac>
							<type><![CDATA[quiz]]></type>
							<value><![CDATA[1]]></value>
						</ac>
					</actions>
				</a>
				<a>
					<body><![CDATA[ Too much salt in your diet]]></body>
					<actions>
						<ac>
							<type><![CDATA[quiz]]></type>
							<value><![CDATA[1]]></value>
						</ac>
					</actions>
				</a>
				<a>
					<body><![CDATA[ Not enough physical activity]]></body>
					<actions>
						<ac>
							<type><![CDATA[quiz]]></type>
							<value><![CDATA[1]]></value>
						</ac>
					</actions>
				</a>
				<a>
					<body><![CDATA[ Drinking too much alcohol]]></body>
					<actions>
						<ac>
							<type><![CDATA[quiz]]></type>
							<value><![CDATA[1]]></value>
						</ac>
					</actions>
				</a>
				<a>
					<body><![CDATA[ Stress]]></body>
					<actions>
						<ac>
							<type><![CDATA[quiz]]></type>
							<value><![CDATA[1]]></value>
						</ac>
					</actions>
				</a>
				<a>
					<body><![CDATA[ Family history of high blood pressure]]></body>
					<actions>
						<ac>
							<type><![CDATA[quiz]]></type>
							<value><![CDATA[1]]></value>
						</ac>
					</actions>
				</a>
			</answers>
		</q>
	</questions>
	<results>
		<ri type = "progress bar" p1 = "0" p2 = "10" p3 = "Quiz"><![CDATA[Your score:]]></ri>
		<ri type = "quiz triggered result" p1 = "0" p2 = "4" p3 = ""><![CDATA[Oh dear. You don't know very much about blood pressure. The more you know, the better you can protect your health.]]></ri>
		<ri type = "quiz triggered result" p1 = "4" p2 = "8" p3 = ""><![CDATA[Well done, you know quite a bit about blood pressure. The more you know, the better you can protect your health.]]></ri>
		<ri type = "quiz triggered result" p1 = "8" p2 = "11" p3 = ""><![CDATA[Brilliant! You really know your stuff when it comes to blood pressure. The more you know, the better you can protect your health.]]></ri>
		<ri type = "text" p1 = "" p2 = "" p3 = ""><![CDATA[<b>Below is an overview of the blood pressure facts:</b>]]></ri>
		<ri type = "quiz results" p1 = "" p2 = "" p3 = ""><![CDATA[]]></ri>
	</results>
	<links>
		<li type = "text" p1 = "" p2 = ""><![CDATA[With high blood pressure affecting over a quarter of all adults in England it is important that everyone takes the time to get checked and to take action to lower their risk. Here are some links that you might find useful:]]></li>
		<li type = "obligatory link" p1 = "" p2 = ""><![CDATA[675]]></li>
		<li type = "obligatory link" p1 = "" p2 = ""><![CDATA[673]]></li>
		<li type = "obligatory link" p1 = "" p2 = ""><![CDATA[672]]></li>
	</links>
	<result_items>
	</result_items>
	<link_items>
		<ri id = "675" url = "http://www.nhs.uk/conditions/blood-pressure-(high)/pages/introduction.aspx"><![CDATA[All about high blood pressure]]></ri>		<ri id = "673" url = "http://www.nhs.uk/Conditions/nhs-health-check/Pages/NHS-Health-Check.aspx"><![CDATA[Get your free NHS Health Check]]></ri>		<ri id = "672" url = "http://www.nhs.uk/change4life/Pages/change-for-life.aspx"><![CDATA[Healthy living for your family - Change4Life]]></ri>	</link_items>
	<qvars>
		<v  name = "gender">
<val>male</val><val>female</val>		</v>
	</qvars>
	<info_boxes>
		<ib  id = "0">
			<title><![CDATA[]]></title>
			<body><![CDATA[]]></body>
			<name><![CDATA[]]></name>
		</ib>
	</info_boxes>
	<videos>
	</videos>
</root>
