<?xml version="1.0" encoding="utf-8"?>
<root>
	<config>
		<id>64</id>		
		<title>Kidney disease self-assessment</title>		
		<colour_1>990000|DD645F</colour_1>
		<colour_2>669900|9BC363</colour_2>
		<colour_3>669900|9BC363</colour_3>
		<intro_title><![CDATA[Are your kidneys healthy?]]></intro_title>		
		<intro_copy><![CDATA[People can have kidney disease without being aware of it. There are often no symptoms until the disease is quite advanced.<br><br>Research has shown that some people are at higher risk of developing kidney disease and should have their kidney function checked even if&nbsp;they feel well.<br><br>Take this test to find out if&nbsp;<br>you should have your&nbsp;kidney <br>function checked.&nbsp;]]></intro_copy>		
		<intro_copy_alt><![CDATA[People can have kidney disease without being aware of it. There are often no symptoms until the disease is quite advanced.<br><br>Research has shown that some people are at higher risk of developing kidney disease and should have their kidney function checked even if&nbsp;they feel well.<br><br>Take this test to find out if you should have your kidney function checked.&nbsp;]]></intro_copy_alt>		
		<intro_foot><![CDATA[<br>]]></intro_foot>		
		<intro_graphic><![CDATA[img_Kidney_disease_self-assessment.swf]]></intro_graphic>		
		<intro_graphic_alt><![CDATA[kidney_v2.png]]></intro_graphic_alt>		
		<hr_intro_graphic_alt><![CDATA[kidney_v2.png]]></hr_intro_graphic_alt>		
		<intro_graphic_position><![CDATA[6]]></intro_graphic_position>		
		<intro_graphic_position_m><![CDATA[7]]></intro_graphic_position_m>		
		<dimensions_f>362x435</dimensions_f>		
		<dimensions_j>362x435</dimensions_j>		
		<print_title>Your checklist</print_title>		
		<reporting>0</reporting>		
		<syndication_footer>0</syndication_footer>		
		<img_alt>kidneydisease</img_alt>		
		<js_body_w>100%</js_body_w>		
		<js_body_top>1em</js_body_top>		
		<js_body_left>0em</js_body_left>		
	</config>
	<questions>
		<q type = "yes/no" info_box = "237" info_box_position = "0">
			<title><![CDATA[New question]]></title>
			<body><![CDATA[Do you have diabetes?]]></body>
			<answers>
				<a>
					<body><![CDATA[yes]]></body>
					<actions>
						<ac>
							<type><![CDATA[points]]></type>
							<operator><![CDATA[+]]></operator>
							<value><![CDATA[2]]></value>
						</ac>
						<ac>
							<type><![CDATA[result]]></type>
							<value><![CDATA[949]]></value>
						</ac>
					</actions>
				</a>
				<a>
					<body><![CDATA[no]]></body>
					<actions>
						<ac>
							<type><![CDATA[points]]></type>
							<operator><![CDATA[+]]></operator>
							<value><![CDATA[0]]></value>
						</ac>
					</actions>
				</a>
			</answers>
		</q>
		<q type = "single select" info_box = "234" info_box_position = "0">
			<title><![CDATA[New question]]></title>
			<body><![CDATA[<div>Do you have, or are you being treated for, high blood pressure?</div>]]></body>
			<answers>
				<a>
					<body><![CDATA[Yes, I have high blood pressure but I'm not being treated]]></body>
					<actions>
						<ac>
							<type><![CDATA[points]]></type>
							<operator><![CDATA[+]]></operator>
							<value><![CDATA[2]]></value>
						</ac>
						<ac>
							<type><![CDATA[result]]></type>
							<value><![CDATA[950]]></value>
						</ac>
					</actions>
				</a>
				<a>
					<body><![CDATA[Yes, I am being treated for high blood pressure]]></body>
					<actions>
						<ac>
							<type><![CDATA[points]]></type>
							<operator><![CDATA[+]]></operator>
							<value><![CDATA[2]]></value>
						</ac>
						<ac>
							<type><![CDATA[result]]></type>
							<value><![CDATA[950]]></value>
						</ac>
					</actions>
				</a>
				<a>
					<body><![CDATA[No]]></body>
					<actions>
						<ac>
							<type><![CDATA[points]]></type>
							<operator><![CDATA[+]]></operator>
							<value><![CDATA[0]]></value>
						</ac>
					</actions>
				</a>
			</answers>
		</q>
		<q type = "multiple select" info_box = "236" info_box_position = "0">
			<title><![CDATA[New question]]></title>
			<body><![CDATA[Have you had any of the following circulation problems? (You can pick more than one)]]></body>
			<answers>
				<a>
					<body><![CDATA[Angina]]></body>
					<actions>
						<ac>
							<type><![CDATA[points]]></type>
							<operator><![CDATA[+]]></operator>
							<value><![CDATA[2]]></value>
						</ac>
						<ac>
							<type><![CDATA[result]]></type>
							<value><![CDATA[966]]></value>
						</ac>
					</actions>
				</a>
				<a>
					<body><![CDATA[Heart attack]]></body>
					<actions>
						<ac>
							<type><![CDATA[points]]></type>
							<operator><![CDATA[+]]></operator>
							<value><![CDATA[2]]></value>
						</ac>
						<ac>
							<type><![CDATA[result]]></type>
							<value><![CDATA[967]]></value>
						</ac>
					</actions>
				</a>
				<a>
					<body><![CDATA[Stroke or mini stroke]]></body>
					<actions>
						<ac>
							<type><![CDATA[points]]></type>
							<operator><![CDATA[+]]></operator>
							<value><![CDATA[2]]></value>
						</ac>
						<ac>
							<type><![CDATA[result]]></type>
							<value><![CDATA[963]]></value>
						</ac>
					</actions>
				</a>
				<a>
					<body><![CDATA[Poor circulation in your legs]]></body>
					<actions>
						<ac>
							<type><![CDATA[points]]></type>
							<operator><![CDATA[+]]></operator>
							<value><![CDATA[2]]></value>
						</ac>
						<ac>
							<type><![CDATA[result]]></type>
							<value><![CDATA[962]]></value>
						</ac>
					</actions>
				</a>
				<a>
					<body><![CDATA[Amputation due to poor circulation]]></body>
					<actions>
						<ac>
							<type><![CDATA[points]]></type>
							<operator><![CDATA[+]]></operator>
							<value><![CDATA[2]]></value>
						</ac>
						<ac>
							<type><![CDATA[result]]></type>
							<value><![CDATA[964]]></value>
						</ac>
					</actions>
				</a>
				<a>
					<body><![CDATA[Aortic aneurysm]]></body>
					<actions>
						<ac>
							<type><![CDATA[points]]></type>
							<operator><![CDATA[+]]></operator>
							<value><![CDATA[2]]></value>
						</ac>
						<ac>
							<type><![CDATA[result]]></type>
							<value><![CDATA[965]]></value>
						</ac>
					</actions>
				</a>
				<a>
					<body><![CDATA[Heart failure]]></body>
					<actions>
						<ac>
							<type><![CDATA[points]]></type>
							<operator><![CDATA[+]]></operator>
							<value><![CDATA[2]]></value>
						</ac>
						<ac>
							<type><![CDATA[result]]></type>
							<value><![CDATA[968]]></value>
						</ac>
					</actions>
				</a>
				<a>
					<body><![CDATA[None of these]]></body>
					<actions>
						<ac>
							<type><![CDATA[points]]></type>
							<operator><![CDATA[+]]></operator>
							<value><![CDATA[0]]></value>
						</ac>
					</actions>
				</a>
			</answers>
		</q>
		<q type = "multiple select" info_box = "0" info_box_position = "0">
			<title><![CDATA[New question]]></title>
			<body><![CDATA[<div>Have you had any of the following? (You can pick more than one)</div>]]></body>
			<answers>
				<a>
					<body><![CDATA[Multiple kidney stones]]></body>
					<actions>
						<ac>
							<type><![CDATA[points]]></type>
							<operator><![CDATA[+]]></operator>
							<value><![CDATA[2]]></value>
						</ac>
						<ac>
							<type><![CDATA[result]]></type>
							<value><![CDATA[969]]></value>
						</ac>
					</actions>
				</a>
				<a>
					<body><![CDATA[Multiple urine infections, for example three or more in a six-month period
]]></body>
					<actions>
						<ac>
							<type><![CDATA[points]]></type>
							<operator><![CDATA[+]]></operator>
							<value><![CDATA[2]]></value>
						</ac>
						<ac>
							<type><![CDATA[result]]></type>
							<value><![CDATA[970]]></value>
						</ac>
					</actions>
				</a>
				<a>
					<body><![CDATA[Kidney surgery]]></body>
					<actions>
						<ac>
							<type><![CDATA[points]]></type>
							<operator><![CDATA[+]]></operator>
							<value><![CDATA[2]]></value>
						</ac>
						<ac>
							<type><![CDATA[result]]></type>
							<value><![CDATA[971]]></value>
						</ac>
					</actions>
				</a>
				<a>
					<body><![CDATA[Enlarged prostate gland]]></body>
					<actions>
						<ac>
							<type><![CDATA[points]]></type>
							<operator><![CDATA[+]]></operator>
							<value><![CDATA[2]]></value>
						</ac>
						<ac>
							<type><![CDATA[result]]></type>
							<value><![CDATA[972]]></value>
						</ac>
					</actions>
				</a>
				<a>
					<body><![CDATA[Cancer of the prostate gland]]></body>
					<actions>
						<ac>
							<type><![CDATA[points]]></type>
							<operator><![CDATA[+]]></operator>
							<value><![CDATA[2]]></value>
						</ac>
						<ac>
							<type><![CDATA[result]]></type>
							<value><![CDATA[973]]></value>
						</ac>
					</actions>
				</a>
				<a>
					<body><![CDATA[Bladder cancer]]></body>
					<actions>
						<ac>
							<type><![CDATA[points]]></type>
							<operator><![CDATA[+]]></operator>
							<value><![CDATA[2]]></value>
						</ac>
						<ac>
							<type><![CDATA[result]]></type>
							<value><![CDATA[974]]></value>
						</ac>
					</actions>
				</a>
				<a>
					<body><![CDATA[None of these]]></body>
					<actions>
						<ac>
							<type><![CDATA[points]]></type>
							<operator><![CDATA[+]]></operator>
							<value><![CDATA[0]]></value>
						</ac>
					</actions>
				</a>
			</answers>
		</q>
		<q type = "multiple select" info_box = "0" info_box_position = "0">
			<title><![CDATA[New question]]></title>
			<body><![CDATA[Have you been diagnosed with any of the following? (You can pick more than one)]]></body>
			<answers>
				<a>
					<body><![CDATA[Systemic lupus erythematosus (SLE)]]></body>
					<actions>
						<ac>
							<type><![CDATA[points]]></type>
							<operator><![CDATA[+]]></operator>
							<value><![CDATA[2]]></value>
						</ac>
						<ac>
							<type><![CDATA[result]]></type>
							<value><![CDATA[953]]></value>
						</ac>
					</actions>
				</a>
				<a>
					<body><![CDATA[Multiple myeloma]]></body>
					<actions>
						<ac>
							<type><![CDATA[points]]></type>
							<operator><![CDATA[+]]></operator>
							<value><![CDATA[2]]></value>
						</ac>
						<ac>
							<type><![CDATA[result]]></type>
							<value><![CDATA[954]]></value>
						</ac>
					</actions>
				</a>
				<a>
					<body><![CDATA[Rheumatoid arthritis]]></body>
					<actions>
						<ac>
							<type><![CDATA[points]]></type>
							<operator><![CDATA[+]]></operator>
							<value><![CDATA[2]]></value>
						</ac>
						<ac>
							<type><![CDATA[result]]></type>
							<value><![CDATA[955]]></value>
						</ac>
					</actions>
				</a>
				<a>
					<body><![CDATA[Liver disease]]></body>
					<actions>
						<ac>
							<type><![CDATA[points]]></type>
							<operator><![CDATA[+]]></operator>
							<value><![CDATA[2]]></value>
						</ac>
						<ac>
							<type><![CDATA[result]]></type>
							<value><![CDATA[956]]></value>
						</ac>
					</actions>
				</a>
				<a>
					<body><![CDATA[Sickle cell disease]]></body>
					<actions>
						<ac>
							<type><![CDATA[points]]></type>
							<operator><![CDATA[+]]></operator>
							<value><![CDATA[2]]></value>
						</ac>
						<ac>
							<type><![CDATA[result]]></type>
							<value><![CDATA[957]]></value>
						</ac>
					</actions>
				</a>
				<a>
					<body><![CDATA[HIV infection]]></body>
					<actions>
						<ac>
							<type><![CDATA[points]]></type>
							<operator><![CDATA[+]]></operator>
							<value><![CDATA[2]]></value>
						</ac>
						<ac>
							<type><![CDATA[result]]></type>
							<value><![CDATA[958]]></value>
						</ac>
					</actions>
				</a>
				<a>
					<body><![CDATA[None of these]]></body>
					<actions>
						<ac>
							<type><![CDATA[points]]></type>
							<operator><![CDATA[+]]></operator>
						</ac>
						<ac>
							<type><![CDATA[points]]></type>
							<operator><![CDATA[+]]></operator>
						</ac>
					</actions>
				</a>
			</answers>
		</q>
		<q type = "multiple select" info_box = "0" info_box_position = "0">
			<title><![CDATA[New question]]></title>
			<body><![CDATA[<div>Do you have a family history of kidney disease? (You can pick more than one)</div>]]></body>
			<answers>
				<a>
					<body><![CDATA[Parent or child who has a kidney disease that may be inherited]]></body>
					<actions>
						<ac>
							<type><![CDATA[points]]></type>
							<operator><![CDATA[+]]></operator>
							<value><![CDATA[2]]></value>
						</ac>
						<ac>
							<type><![CDATA[result]]></type>
							<value><![CDATA[959]]></value>
						</ac>
					</actions>
				</a>
				<a>
					<body><![CDATA[Parent or child who requires regular kidney dialysis]]></body>
					<actions>
						<ac>
							<type><![CDATA[points]]></type>
							<operator><![CDATA[+]]></operator>
							<value><![CDATA[2]]></value>
						</ac>
						<ac>
							<type><![CDATA[result]]></type>
							<value><![CDATA[959]]></value>
						</ac>
					</actions>
				</a>
				<a>
					<body><![CDATA[Parent or child who has had a kidney transplant]]></body>
					<actions>
						<ac>
							<type><![CDATA[points]]></type>
							<operator><![CDATA[+]]></operator>
							<value><![CDATA[2]]></value>
						</ac>
						<ac>
							<type><![CDATA[result]]></type>
							<value><![CDATA[959]]></value>
						</ac>
					</actions>
				</a>
				<a>
					<body><![CDATA[No]]></body>
					<actions>
						<ac>
							<type><![CDATA[points]]></type>
							<operator><![CDATA[+]]></operator>
							<value><![CDATA[0]]></value>
						</ac>
					</actions>
				</a>
			</answers>
		</q>
		<q type = "yes/no" info_box = "0" info_box_position = "0">
			<title><![CDATA[New question]]></title>
			<body><![CDATA[<div>Have you ever had a urine test that was positive for blood or protein?&nbsp;</div>]]></body>
			<answers>
				<a>
					<body><![CDATA[yes]]></body>
					<actions>
						<ac>
							<type><![CDATA[points]]></type>
							<operator><![CDATA[+]]></operator>
							<value><![CDATA[2]]></value>
						</ac>
						<ac>
							<type><![CDATA[result]]></type>
							<value><![CDATA[960]]></value>
						</ac>
					</actions>
				</a>
				<a>
					<body><![CDATA[no]]></body>
					<actions>
						<ac>
							<type><![CDATA[points]]></type>
							<operator><![CDATA[+]]></operator>
							<value><![CDATA[0]]></value>
						</ac>
					</actions>
				</a>
			</answers>
		</q>
		<q type = "multiple select" info_box = "235" info_box_position = "0">
			<title><![CDATA[New question]]></title>
			<body><![CDATA[<div>Are you taking any of the following drugs?(You can pick more than one)</div>]]></body>
			<answers>
				<a>
					<body><![CDATA[Ciclosporin]]></body>
					<actions>
						<ac>
							<type><![CDATA[points]]></type>
							<operator><![CDATA[+]]></operator>
							<value><![CDATA[2]]></value>
						</ac>
						<ac>
							<type><![CDATA[result]]></type>
							<value><![CDATA[975]]></value>
						</ac>
					</actions>
				</a>
				<a>
					<body><![CDATA[Tacrolimus]]></body>
					<actions>
						<ac>
							<type><![CDATA[points]]></type>
							<operator><![CDATA[+]]></operator>
							<value><![CDATA[2]]></value>
						</ac>
						<ac>
							<type><![CDATA[result]]></type>
							<value><![CDATA[976]]></value>
						</ac>
					</actions>
				</a>
				<a>
					<body><![CDATA[Lithium]]></body>
					<actions>
						<ac>
							<type><![CDATA[points]]></type>
							<operator><![CDATA[+]]></operator>
							<value><![CDATA[2]]></value>
						</ac>
						<ac>
							<type><![CDATA[result]]></type>
							<value><![CDATA[977]]></value>
						</ac>
					</actions>
				</a>
				<a>
					<body><![CDATA[Mesalazine]]></body>
					<actions>
						<ac>
							<type><![CDATA[points]]></type>
							<operator><![CDATA[+]]></operator>
							<value><![CDATA[2]]></value>
						</ac>
						<ac>
							<type><![CDATA[result]]></type>
							<value><![CDATA[978]]></value>
						</ac>
					</actions>
				</a>
				<a>
					<body><![CDATA[Any non-steroidal anti-inflammatory drugs]]></body>
					<actions>
						<ac>
							<type><![CDATA[points]]></type>
							<operator><![CDATA[+]]></operator>
							<value><![CDATA[2]]></value>
						</ac>
						<ac>
							<type><![CDATA[result]]></type>
							<value><![CDATA[979]]></value>
						</ac>
					</actions>
				</a>
				<a>
					<body><![CDATA[None of these]]></body>
					<actions>
						<ac>
							<type><![CDATA[points]]></type>
							<operator><![CDATA[+]]></operator>
							<value><![CDATA[0]]></value>
						</ac>
						<ac>
							<type><![CDATA[points]]></type>
							<operator><![CDATA[+]]></operator>
						</ac>
					</actions>
				</a>
			</answers>
		</q>
	</questions>
	<results>
		<ri type = "points triggered result" p1 = "0" p2 = "1" p3 = ""><![CDATA[<div>Based on your responses today you are at low risk of kidney disease and don't require any further tests.</div><div><br></div><div>Consider the following advice to help keep your kidneys healthy in the future:</div><div><br></div><div><ul><li>Avoid a diet that's high in salt and don't add salt to your food at the table</li><li>Drink plenty of liquids every day, about 2 litres (4 pints)</li><li>Stick to a healthy diet</li><li>Maintain a healthy weight</li><li>Keep active and exercise regularly</li><li>Don't smoke</li><li>Avoid regular or long-term use of pain medication, unless it has been prescribed by your doctor</li><li>If your symptoms do change, or you have any concerns about your health, please call NHS 111 or arrange to see your GP.</li></ul></div>]]></ri>
		<ri type = "points triggered result" p1 = "1" p2 = "13" p3 = ""><![CDATA[Based on your responses today if you have not had your kidney function checked before, you should make an appointment with your GP for a simple blood and urine test. Your assessment highlighted the following as possible risk factors:]]></ri>
		<ri type = "points triggered result" p1 = "13" p2 = "17" p3 = ""><![CDATA[Based on your responses today, if you have not had your kidney function checked before, you should make an appointment with your GP for a simple blood and urine test as soon as it can be arranged. Your assessment highlighted the following as possible risk factors:]]></ri>
		<ri type = "accumulated results" p1 = "" p2 = "" p3 = ""><![CDATA[]]></ri>
	</results>
	<links>
		<li type = "text" p1 = "" p2 = ""><![CDATA[Here are some links to articles about the kidneys and how to keep them healthy, and a video on the causes of kidney disease:]]></li>
		<li type = "obligatory link" p1 = "" p2 = ""><![CDATA[525]]></li>
		<li type = "obligatory link" p1 = "" p2 = ""><![CDATA[526]]></li>
		<li type = "obligatory video" p1 = "" p2 = ""><![CDATA[1212947791001]]></li>
		<li type = "obligatory link" p1 = "" p2 = ""><![CDATA[528]]></li>
		<li type = "obligatory link" p1 = "" p2 = ""><![CDATA[529]]></li>
		<li type = "obligatory link" p1 = "" p2 = ""><![CDATA[530]]></li>
	</links>
	<result_items>
		<ri id = "949" priority = "0"><![CDATA[Diabetes: up to 40% of people with diabetes will develop kidney disease, so regular monitoring, at least annually, is recommended.]]></ri>
		<ri id = "950" priority = "0"><![CDATA[High blood pressure: this can lead to kidney damage or, in some cases, be a sign of kidney disease]]></ri>
		<ri id = "966" priority = "0"><![CDATA[Angina: this may be associated with narrowing of the arteries that supply the kidneys, which can cause kidney damage]]></ri>
		<ri id = "967" priority = "0"><![CDATA[Heart attack: this may be associated with narrowing of the arteries that supply the kidneys, which can cause kidney damage]]></ri>
		<ri id = "963" priority = "0"><![CDATA[Stroke: this may be associated with narrowing of the arteries that supply the kidneys, which can cause kidney damage]]></ri>
		<ri id = "962" priority = "0"><![CDATA[Poor circulation: pain in the leg muscles after walking a short distance may indicate circulation problems that could be associated with kidney disease]]></ri>
		<ri id = "964" priority = "0"><![CDATA[Poor circulation: this may be associated with narrowing of the arteries that supply the kidneys, which can cause kidney damage]]></ri>
		<ri id = "965" priority = "0"><![CDATA[Aortic aneurysm: this may be associated with narrowing of the arteries that supply the kidneys, which can cause kidney damage]]></ri>
		<ri id = "968" priority = "0"><![CDATA[Heart failure: this may be associated with narrowing of the arteries that supply the kidneys, which can cause kidney damage]]></ri>
		<ri id = "969" priority = "0"><![CDATA[Multiple kidney stones: this can cause scarring of the kidneys and can result in reduced kidney function]]></ri>
		<ri id = "970" priority = "0"><![CDATA[Multiple urine infections: this can cause scarring of the kidneys, especially if they occur in children, and can result in reduced kidney function]]></ri>
		<ri id = "971" priority = "0"><![CDATA[Kidney surgery: this can cause scarring of the kidneys and can result in reduced kidney function]]></ri>
		<ri id = "972" priority = "0"><![CDATA[Enlarged prostate gland: this can cause difficulty in passing urine of having to strain during passing urine. Both can cause scarring of the kidneys and can result in reduced kidney function]]></ri>
		<ri id = "973" priority = "0"><![CDATA[Cancer of the prostate gland: this can cause scarring of the kidneys and can result in reduced kidney function]]></ri>
		<ri id = "974" priority = "0"><![CDATA[Bladder cancer: this can cause scarring of the kidneys and can result in reduced kidney function]]></ri>
		<ri id = "953" priority = "0"><![CDATA[Systemic lupus erythematosus: this can have a damaging effect on different organs in the body including your kidneys]]></ri>
		<ri id = "954" priority = "0"><![CDATA[Multiple myeloma: this can have a damaging effect on different organs in the body including your kidneys]]></ri>
		<ri id = "955" priority = "0"><![CDATA[Rheumatoid arthritis: this can have a damaging effect on different organs in the body including your kidneys]]></ri>
		<ri id = "956" priority = "0"><![CDATA[Liver disease: this can have a damaging effect on different organs in the body including your kidneys]]></ri>
		<ri id = "957" priority = "0"><![CDATA[Sickle cell disease: this can have a damaging effect on different organs in the body including your kidneys]]></ri>
		<ri id = "958" priority = "0"><![CDATA[HIV: this can have a damaging effect on different organs in the body including your kidneys]]></ri>
		<ri id = "959" priority = "0"><![CDATA[Family history: some kidney diseases are caused by abnormalities in genes that may be passed from one generation to the next]]></ri>
		<ri id = "960" priority = "0"><![CDATA[Abnormal urine test: in some, but not all, cases this can be a sign of kidney disease so it's worth further investigation]]></ri>
		<ri id = "975" priority = "0"><![CDATA[Ciclosporin: this drug may cause kidney function to decrease slowly. If you're taking it over a long period you should ask for a kidney function check at least annually]]></ri>
		<ri id = "976" priority = "0"><![CDATA[Tacrolimus: this drug may cause kidney function to decrease slowly. If you're taking it over a long period you should ask for a kidney function check at least annually]]></ri>
		<ri id = "977" priority = "0"><![CDATA[Lithium: this drug may cause kidney function to decrease slowly. If you're taking it over a long period you should ask for a kidney function check at least annually]]></ri>
		<ri id = "978" priority = "0"><![CDATA[Mesalazine: this drug may cause kidney function to decrease slowly. If you're taking it over a long period you should ask for a kidney function check at least annually]]></ri>
		<ri id = "979" priority = "0"><![CDATA[Any non-steroidal anti-inflammatory drugs: these drugs may cause kidney function to decrease slowly. They should not be taken over a long period, but if it's essential you should ask for a kidney function check at least annually]]></ri>
	</result_items>
	<link_items>
		<ri id = "525" url = "http://www.nhs.uk/conditions/Kidney-disease-chronic/Pages/Introduction.aspx?url=Pages/Whatisit.aspx"><![CDATA[More information on kidney disease]]></ri>		<ri id = "526" url = "http://www.nhs.uk/Video/Pages/CKDwhatkidneysdo.aspx"><![CDATA[Find out what your kidneys do]]></ri>		<ri id = "528" url = "http://www.nhs.uk/LiveWell/Goodfood/Pages/Goodfoodhome.aspx"><![CDATA[Help and advice on eating healthily]]></ri>		<ri id = "529" url = "http://www.nhs.uk/Tools/Pages/Healthyweightcalculator.aspx"><![CDATA[Find out if you're a healthy weight]]></ri>		<ri id = "530" url = "http://www.kidneyresearchuk.org/home.php"><![CDATA[Go to Kidney Research UK's website]]></ri>	</link_items>
	<qvars>
	</qvars>
	<info_boxes>
		<ib  id = "237">
			<title><![CDATA[Information on diabetes]]></title>
			<body><![CDATA[<div>Diabetes is a long-term condition that affects the body's ability to process blood sugar (glucose). This is because a hormone called insulin is either absent from the body, or not working properly. It can have serious health consequences.</div>]]></body>
			<name><![CDATA[Information on diabetes]]></name>
		</ib>
		<ib  id = "234">
			<title><![CDATA[Information on high blood pressure]]></title>
			<body><![CDATA[<div>High blood pressure (hypertension) is usually defined as having a sustained blood pressure of 140/90mmHg or above. If you have high blood pressure, your heart has to work harder to pump blood around your body. Over time, this can weaken it.</div>]]></body>
			<name><![CDATA[Information on high blood pressure]]></name>
		</ib>
		<ib  id = "236">
			<title><![CDATA[About circulation disease]]></title>
			<body><![CDATA[As well as deep vein thrombosis, circulation disease in your legs includes peripheral arterial disease. Symptoms for this include pain and/or cramping in your legs when you're walking; weakness or numbness in your legs; sores on your feet or legs; changes in the skin colour of your legs; hair loss on your feet or legs; or even pain at rest in your legs and feet.]]></body>
			<name><![CDATA[About circulation disease]]></name>
		</ib>
		<ib  id = "0">
			<title><![CDATA[]]></title>
			<body><![CDATA[]]></body>
			<name><![CDATA[]]></name>
		</ib>
		<ib  id = "235">
			<title><![CDATA[Information on anti-inflammatory drugs]]></title>
			<body><![CDATA[<div>The following are all non-steroidal anti-inflammatory drugs (NSAIDs):</div><div><br></div><div>Diclofenac</div><div>Fenbufen</div><div>Fenoprofen</div><div>Ibuprofen</div><div>Indomethacin</div><div>Ketoprofen</div><div>Mefenamic acid</div><div>Nabumetone</div><div>Piroxicam</div><div>Sulindac</div><div>Tenoxicam</div><div>Tiaprofenic acid</div><div>Naproxen</div>]]></body>
			<name><![CDATA[Information on anti-inflammatory drugs]]></name>
		</ib>
	</info_boxes>
	<videos>
			<v>1212947791001</v>	</videos>
</root>
