<?xml version="1.0" encoding="utf-8"?>
<root>
	<config>
		<id>58</id>		
		<title>Hep C self-assessment</title>		
		<colour_1>025F3B|089330</colour_1>
		<colour_2>A90000|FB3103</colour_2>
		<colour_3>0064B7|0684EB</colour_3>
		<intro_title><![CDATA[Could you have hepatitis C?]]></intro_title>		
		<intro_copy><![CDATA[Hepatitis C is a virus that can infect and damage the liver.<br><br>In most cases, it causes no noticeable symptoms until the liver has been significantly damaged. When symptoms do occur, they are often vague and can be easily mistaken for another condition.&nbsp;<br><br>If you suspect you may have hepatitis C, complete this assessment to learn more about the signs you should be looking out for.]]></intro_copy>		
		<intro_copy_alt><![CDATA[Hepatitis C is a virus that can infect and damage the liver.<br><br>In most cases, it causes no noticeable symptoms until the liver has been significantly damaged. When symptoms do occur, they are often vague and can be easily mistaken for another condition.&nbsp;<br><br>If you suspect you may have hepatitis C, complete this assessment to learn more about the signs you should be looking out for.]]></intro_copy_alt>		
		<intro_foot><![CDATA[<br>]]></intro_foot>		
		<intro_graphic><![CDATA[hepc1.png]]></intro_graphic>		
		<intro_graphic_alt><![CDATA[hepc1.png]]></intro_graphic_alt>		
		<hr_intro_graphic_alt><![CDATA[]]></hr_intro_graphic_alt>		
		<intro_graphic_position><![CDATA[6]]></intro_graphic_position>		
		<intro_graphic_position_m><![CDATA[7]]></intro_graphic_position_m>		
		<dimensions_f>362x376</dimensions_f>		
		<dimensions_j>362x376</dimensions_j>		
		<print_title>Your checklist</print_title>		
		<reporting>0</reporting>		
		<syndication_footer>0</syndication_footer>		
		<img_alt>hepc</img_alt>		
		<js_body_w>100%</js_body_w>		
		<js_body_top>1em</js_body_top>		
		<js_body_left>0em</js_body_left>		
	</config>
	<questions>
		<q type = "single select" info_box = "0" info_box_position = "0">
			<title><![CDATA[New question]]></title>
			<body><![CDATA[Have you received a blood product before 1986 or blood transfusion before September 1991?]]></body>
			<answers>
				<a>
					<body><![CDATA[Yes]]></body>
					<actions>
						<ac>
							<type><![CDATA[points]]></type>
							<operator><![CDATA[+]]></operator>
							<value><![CDATA[2]]></value>
						</ac>
						<ac>
							<type><![CDATA[result]]></type>
							<value><![CDATA[825]]></value>
						</ac>
					</actions>
				</a>
				<a>
					<body><![CDATA[No]]></body>
					<actions>
						<ac>
							<type><![CDATA[set variable]]></type>
							<sub_type><![CDATA[hepC]]></sub_type>
							<operator><![CDATA[=]]></operator>
							<value><![CDATA[0]]></value>
						</ac>
					</actions>
				</a>
				<a>
					<body><![CDATA[Don't know]]></body>
					<actions>
						<ac>
							<type><![CDATA[set variable]]></type>
							<sub_type><![CDATA[hepC]]></sub_type>
							<operator><![CDATA[=]]></operator>
							<value><![CDATA[1]]></value>
						</ac>
						<ac>
							<type><![CDATA[result]]></type>
							<value><![CDATA[825]]></value>
						</ac>
					</actions>
				</a>
			</answers>
		</q>
		<q type = "single select" info_box = "0" info_box_position = "0">
			<title><![CDATA[New question]]></title>
			<body><![CDATA[Have you ever shared equipment for injecting drugs, such as needles and syringes, even if it was only once?]]></body>
			<answers>
				<a>
					<body><![CDATA[Yes]]></body>
					<actions>
						<ac>
							<type><![CDATA[points]]></type>
							<operator><![CDATA[+]]></operator>
							<value><![CDATA[2]]></value>
						</ac>
						<ac>
							<type><![CDATA[result]]></type>
							<value><![CDATA[826]]></value>
						</ac>
					</actions>
				</a>
				<a>
					<body><![CDATA[No]]></body>
					<actions>
						<ac>
							<type><![CDATA[set variable]]></type>
							<sub_type><![CDATA[hepC]]></sub_type>
							<operator><![CDATA[=]]></operator>
							<value><![CDATA[0]]></value>
						</ac>
					</actions>
				</a>
				<a>
					<body><![CDATA[Don't know]]></body>
					<actions>
						<ac>
							<type><![CDATA[set variable]]></type>
							<sub_type><![CDATA[hepC]]></sub_type>
							<operator><![CDATA[=]]></operator>
							<value><![CDATA[1]]></value>
						</ac>
						<ac>
							<type><![CDATA[result]]></type>
							<value><![CDATA[826]]></value>
						</ac>
					</actions>
				</a>
			</answers>
		</q>
		<q type = "single select" info_box = "0" info_box_position = "0">
			<title><![CDATA[New question]]></title>
			<body><![CDATA[<div>Have you ever had unprotected sex with someone who may have hepatitis C?</div>]]></body>
			<answers>
				<a>
					<body><![CDATA[Yes]]></body>
					<actions>
						<ac>
							<type><![CDATA[points]]></type>
							<operator><![CDATA[+]]></operator>
							<value><![CDATA[2]]></value>
						</ac>
						<ac>
							<type><![CDATA[result]]></type>
							<value><![CDATA[827]]></value>
						</ac>
					</actions>
				</a>
				<a>
					<body><![CDATA[No]]></body>
					<actions>
						<ac>
							<type><![CDATA[set variable]]></type>
							<sub_type><![CDATA[hepC]]></sub_type>
							<operator><![CDATA[=]]></operator>
							<value><![CDATA[0]]></value>
						</ac>
					</actions>
				</a>
				<a>
					<body><![CDATA[Don't know]]></body>
					<actions>
						<ac>
							<type><![CDATA[set variable]]></type>
							<sub_type><![CDATA[hepC]]></sub_type>
							<operator><![CDATA[=]]></operator>
							<value><![CDATA[1]]></value>
						</ac>
						<ac>
							<type><![CDATA[result]]></type>
							<value><![CDATA[827]]></value>
						</ac>
					</actions>
				</a>
			</answers>
		</q>
		<q type = "single select" info_box = "0" info_box_position = "0">
			<title><![CDATA[New question]]></title>
			<body><![CDATA[Have you ever had a tattoo, semi-permanent make-up, acupuncture or electrolysis using unsterilised equipment?]]></body>
			<answers>
				<a>
					<body><![CDATA[Yes]]></body>
					<actions>
						<ac>
							<type><![CDATA[points]]></type>
							<operator><![CDATA[+]]></operator>
							<value><![CDATA[2]]></value>
						</ac>
						<ac>
							<type><![CDATA[result]]></type>
							<value><![CDATA[828]]></value>
						</ac>
					</actions>
				</a>
				<a>
					<body><![CDATA[No]]></body>
					<actions>
						<ac>
							<type><![CDATA[set variable]]></type>
							<sub_type><![CDATA[hepC]]></sub_type>
							<operator><![CDATA[=]]></operator>
							<value><![CDATA[0]]></value>
						</ac>
					</actions>
				</a>
				<a>
					<body><![CDATA[Don't know]]></body>
					<actions>
						<ac>
							<type><![CDATA[set variable]]></type>
							<sub_type><![CDATA[hepC]]></sub_type>
							<operator><![CDATA[=]]></operator>
							<value><![CDATA[1]]></value>
						</ac>
						<ac>
							<type><![CDATA[result]]></type>
							<value><![CDATA[828]]></value>
						</ac>
					</actions>
				</a>
			</answers>
		</q>
		<q type = "single select" info_box = "0" info_box_position = "0">
			<title><![CDATA[New question]]></title>
			<body><![CDATA[Have you ever had an ear piercing or body piercing using unsterilised equipment?]]></body>
			<answers>
				<a>
					<body><![CDATA[Yes]]></body>
					<actions>
						<ac>
							<type><![CDATA[points]]></type>
							<operator><![CDATA[+]]></operator>
							<value><![CDATA[2]]></value>
						</ac>
						<ac>
							<type><![CDATA[result]]></type>
							<value><![CDATA[829]]></value>
						</ac>
					</actions>
				</a>
				<a>
					<body><![CDATA[No]]></body>
					<actions>
						<ac>
							<type><![CDATA[set variable]]></type>
							<sub_type><![CDATA[hepC]]></sub_type>
							<operator><![CDATA[=]]></operator>
							<value><![CDATA[0]]></value>
						</ac>
					</actions>
				</a>
				<a>
					<body><![CDATA[Don't know]]></body>
					<actions>
						<ac>
							<type><![CDATA[set variable]]></type>
							<sub_type><![CDATA[hepC]]></sub_type>
							<operator><![CDATA[=]]></operator>
							<value><![CDATA[1]]></value>
						</ac>
						<ac>
							<type><![CDATA[result]]></type>
							<value><![CDATA[829]]></value>
						</ac>
					</actions>
				</a>
			</answers>
		</q>
		<q type = "single select" info_box = "0" info_box_position = "0">
			<title><![CDATA[New question]]></title>
			<body><![CDATA[Have you ever had medical or dental treatment abroad where infection control may be inadequate?]]></body>
			<answers>
				<a>
					<body><![CDATA[Yes]]></body>
					<actions>
						<ac>
							<type><![CDATA[points]]></type>
							<operator><![CDATA[+]]></operator>
							<value><![CDATA[2]]></value>
						</ac>
						<ac>
							<type><![CDATA[result]]></type>
							<value><![CDATA[830]]></value>
						</ac>
					</actions>
				</a>
				<a>
					<body><![CDATA[No]]></body>
					<actions>
						<ac>
							<type><![CDATA[set variable]]></type>
							<sub_type><![CDATA[hepC]]></sub_type>
							<operator><![CDATA[=]]></operator>
							<value><![CDATA[0]]></value>
						</ac>
					</actions>
				</a>
				<a>
					<body><![CDATA[Don't know]]></body>
					<actions>
						<ac>
							<type><![CDATA[set variable]]></type>
							<sub_type><![CDATA[hepC]]></sub_type>
							<operator><![CDATA[=]]></operator>
							<value><![CDATA[1]]></value>
						</ac>
						<ac>
							<type><![CDATA[result]]></type>
							<value><![CDATA[830]]></value>
						</ac>
					</actions>
				</a>
			</answers>
		</q>
		<q type = "single select" info_box = "0" info_box_position = "0">
			<title><![CDATA[New question]]></title>
			<body><![CDATA[Have you ever shared a razor or toothbrush with someone who may have hepatitis C?&nbsp;]]></body>
			<answers>
				<a>
					<body><![CDATA[Yes]]></body>
					<actions>
						<ac>
							<type><![CDATA[points]]></type>
							<operator><![CDATA[+]]></operator>
							<value><![CDATA[2]]></value>
						</ac>
						<ac>
							<type><![CDATA[result]]></type>
							<value><![CDATA[831]]></value>
						</ac>
					</actions>
				</a>
				<a>
					<body><![CDATA[No]]></body>
					<actions>
						<ac>
							<type><![CDATA[set variable]]></type>
							<sub_type><![CDATA[hepC]]></sub_type>
							<operator><![CDATA[=]]></operator>
							<value><![CDATA[0]]></value>
						</ac>
					</actions>
				</a>
				<a>
					<body><![CDATA[Don't know]]></body>
					<actions>
						<ac>
							<type><![CDATA[set variable]]></type>
							<sub_type><![CDATA[hepC]]></sub_type>
							<operator><![CDATA[=]]></operator>
							<value><![CDATA[1]]></value>
						</ac>
						<ac>
							<type><![CDATA[result]]></type>
							<value><![CDATA[831]]></value>
						</ac>
					</actions>
				</a>
			</answers>
		</q>
	</questions>
	<results>
		<ri type = "points triggered result" p1 = "8" p2 = "50" p3 = ""><![CDATA[We suggest you seek advice from your GP about having a test for hepatitis C due to the fact you could have been exposed to the virus by:]]></ri>
		<ri type = "points triggered result" p1 = "1" p2 = "8" p3 = ""><![CDATA[From the information you have provided, it seems unlikely that you have hepatitis C infection, but remember which activities can put you at risk.]]></ri>
		<ri type = "points triggered result" p1 = "0" p2 = "1" p3 = ""><![CDATA[<div>From the information you have provided, it seems unlikely that you have hepatitis C infection, but remember which activities can put you at risk. They include:&nbsp;</div>]]></ri>
		<ri type = "accumulated results" p1 = "" p2 = "" p3 = ""><![CDATA[]]></ri>
		<ri type = "text" p1 = "" p2 = "" p3 = ""><![CDATA[<div>If you have any concerns please ring The Hepatitis C Trust (0845 223 4424) or speak to your GP.</div><div><br></div><div>This self-assessment tool is for information only. It is up to you to contact a health professional if you are concerned about your health.</div>]]></ri>
	</results>
	<links>
		<li type = "text" p1 = "" p2 = ""><![CDATA[Below are some links to more&nbsp;information&nbsp;about hepatitis C and videos featuring real stories and an expert explaining more about the condition:]]></li>
		<li type = "obligatory link" p1 = "" p2 = ""><![CDATA[468]]></li>
		<li type = "obligatory video" p1 = "" p2 = ""><![CDATA[1891417470001]]></li>
		<li type = "obligatory video" p1 = "" p2 = ""><![CDATA[1891417471001]]></li>
		<li type = "obligatory video" p1 = "" p2 = ""><![CDATA[1891417472001]]></li>
		<li type = "obligatory link" p1 = "" p2 = ""><![CDATA[472]]></li>
	</links>
	<result_items>
		<ri id = "825" priority = "0"><![CDATA[Receiving a blood product before 1986 or blood transfusion before September 1991]]></ri>
		<ri id = "826" priority = "0"><![CDATA[Sharing equipment for injecting drugs, such as needles and syringes, even if it was only once]]></ri>
		<ri id = "827" priority = "0"><![CDATA[Having unprotected sex with someone who may have hepatitis C]]></ri>
		<ri id = "828" priority = "0"><![CDATA[Having a tattoo, semi-permanent make-up, acupuncture or electrolysis using unsterilised equipment]]></ri>
		<ri id = "829" priority = "0"><![CDATA[Having an ear piercing or body piercing using unsterilised equipment]]></ri>
		<ri id = "830" priority = "0"><![CDATA[Having medical or dental treatment abroad where infection control may be inadequate]]></ri>
		<ri id = "831" priority = "0"><![CDATA[Sharing a razor or toothbrush with someone who may have hepatitis C]]></ri>
	</result_items>
	<link_items>
		<ri id = "468" url = "http://www.nhs.uk/conditions/hepatitis-c/pages/introduction.aspx"><![CDATA[Hepatitis C: an introduction]]></ri>		<ri id = "472" url = "http://www.hepctrust.org.uk/"><![CDATA[The Hepatitis C Trust]]></ri>	</link_items>
	<qvars>
		<v  name = "hepC">
<val>1</val><val>0</val>		</v>
	</qvars>
	<info_boxes>
		<ib  id = "0">
			<title><![CDATA[]]></title>
			<body><![CDATA[]]></body>
			<name><![CDATA[]]></name>
		</ib>
	</info_boxes>
	<videos>
			<v>1891417470001</v>			<v>1891417471001</v>			<v>1891417472001</v>	</videos>
</root>
