<?xml version="1.0" encoding="utf-8"?>
<root>
	<config>
		<id>73</id>		
		<title>Blood pressure quiz</title>		
		<colour_1>006699|0799C6</colour_1>
		<colour_2>990000|DD645F</colour_2>
		<colour_3>006699|0799C6</colour_3>
		<intro_title><![CDATA[Test your knowledge]]></intro_title>		
		<intro_copy><![CDATA[Around 30% of people in England have high blood pressure but many don't know it. If left untreated, high blood pressure increases your risk of a heart attack or stroke.<br>It's important to know what affects our blood pressure and what you can do to keep your blood pressure at a healthy level.<br>Take this short quiz and see how much you know. You can check your answers as you go and you'll get a score at the end.]]></intro_copy>		
		<intro_copy_alt><![CDATA[Around 30% of people in England have high blood pressure (hypertension) but many don't know it. If left untreated, high blood pressure increases your risk of a heart attack or stroke.<br><br>It's important to know what affects our blood pressure and what you can do to keep your blood pressure at a healthy level.<br><br>Take this short quiz and see how much you know. You can check your answers as you go and you'll get a score at the end.]]></intro_copy_alt>		
		<intro_foot><![CDATA[<br>]]></intro_foot>		
		<intro_graphic><![CDATA[]]></intro_graphic>		
		<intro_graphic_alt><![CDATA[bp.png]]></intro_graphic_alt>		
		<hr_intro_graphic_alt><![CDATA[bp.retina.png]]></hr_intro_graphic_alt>		
		<intro_graphic_position><![CDATA[5]]></intro_graphic_position>		
		<intro_graphic_position_m><![CDATA[5]]></intro_graphic_position_m>		
		<dimensions_f>362x466</dimensions_f>		
		<dimensions_j>362x466</dimensions_j>		
		<print_title>Your checklist</print_title>		
		<reporting>0</reporting>		
		<syndication_footer>0</syndication_footer>		
		<img_alt></img_alt>		
		<js_body_w>100%</js_body_w>		
		<js_body_top>1em</js_body_top>		
		<js_body_left>0em</js_body_left>		
	</config>
	<questions>
		<q type = "single select" info_box = "270" info_box_position = "1">
			<title><![CDATA[New question]]></title>
			<body><![CDATA[How many people do you think have high blood pressure in England? Select one:]]></body>
			<answers>
				<a>
					<body><![CDATA[1 in 20 people]]></body>
					<actions>
						<ac>
							<type><![CDATA[points]]></type>
							<operator><![CDATA[+]]></operator>
							<value><![CDATA[0]]></value>
						</ac>
					</actions>
				</a>
				<a>
					<body><![CDATA[1 in 10 people]]></body>
					<actions>
						<ac>
							<type><![CDATA[points]]></type>
							<operator><![CDATA[+]]></operator>
							<value><![CDATA[0]]></value>
						</ac>
					</actions>
				</a>
				<a>
					<body><![CDATA[1 in 5 people]]></body>
					<actions>
						<ac>
							<type><![CDATA[points]]></type>
							<operator><![CDATA[+]]></operator>
							<value><![CDATA[0]]></value>
						</ac>
					</actions>
				</a>
				<a>
					<body><![CDATA[1 in 4 people]]></body>
					<actions>
						<ac>
							<type><![CDATA[points]]></type>
							<operator><![CDATA[+]]></operator>
							<value><![CDATA[1]]></value>
						</ac>
					</actions>
				</a>
			</answers>
		</q>
		<q type = "yes/no" info_box = "270" info_box_position = "1">
			<title><![CDATA[New question]]></title>
			<body><![CDATA[<b>Do you think the following statement is true or false?</b><div>&nbsp;<div>'If you don’t have any symptoms you don’t need a blood pressure test'</div></div>]]></body>
			<answers>
				<a>
					<body><![CDATA[True]]></body>
					<actions>
						<ac>
							<type><![CDATA[points]]></type>
							<operator><![CDATA[+]]></operator>
							<value><![CDATA[0]]></value>
						</ac>
					</actions>
				</a>
				<a>
					<body><![CDATA[False]]></body>
					<actions>
						<ac>
							<type><![CDATA[points]]></type>
							<operator><![CDATA[+]]></operator>
							<value><![CDATA[1]]></value>
						</ac>
					</actions>
				</a>
			</answers>
		</q>
		<q type = "yes/no" info_box = "0" info_box_position = "0">
			<title><![CDATA[New question]]></title>
			<body><![CDATA[<div><div><b>Do you think the following statement is true or false?</b></div><div><b><br></b></div><div>'If high blood pressure runs in your family there is nothing you can do to stop developing high blood pressure yourself.'</div></div><div><!--EndFragment--></div>]]></body>
			<answers>
				<a>
					<body><![CDATA[True]]></body>
					<actions>
						<ac>
							<type><![CDATA[points]]></type>
							<operator><![CDATA[+]]></operator>
							<value><![CDATA[0]]></value>
						</ac>
					</actions>
				</a>
				<a>
					<body><![CDATA[False]]></body>
					<actions>
						<ac>
							<type><![CDATA[points]]></type>
							<operator><![CDATA[+]]></operator>
							<value><![CDATA[1]]></value>
						</ac>
					</actions>
				</a>
			</answers>
		</q>
		<q type = "yes/no" info_box = "0" info_box_position = "0">
			<title><![CDATA[New question]]></title>
			<body><![CDATA[<div><b>Do you think the following statement is true or false?</b></div><div><b><br></b></div><div>'If you have high blood pressure you will need to take medication for life.'</div>]]></body>
			<answers>
				<a>
					<body><![CDATA[True]]></body>
					<actions>
						<ac>
							<type><![CDATA[result]]></type>
							<value><![CDATA[1178]]></value>
						</ac>
						<ac>
							<type><![CDATA[points]]></type>
							<operator><![CDATA[+]]></operator>
							<value><![CDATA[0]]></value>
						</ac>
					</actions>
				</a>
				<a>
					<body><![CDATA[False]]></body>
					<actions>
						<ac>
							<type><![CDATA[result]]></type>
							<value><![CDATA[1177]]></value>
						</ac>
						<ac>
							<type><![CDATA[points]]></type>
							<operator><![CDATA[+]]></operator>
							<value><![CDATA[1]]></value>
						</ac>
					</actions>
				</a>
			</answers>
		</q>
		<q type = "yes/no" info_box = "0" info_box_position = "0">
			<title><![CDATA[New question]]></title>
			<body><![CDATA[<b>Do you think the following statement is true or false?</b><div><br><div>'I don’t add extra salt to my food so my blood pressure can’t be high.'</div></div>]]></body>
			<answers>
				<a>
					<body><![CDATA[True]]></body>
					<actions>
						<ac>
							<type><![CDATA[points]]></type>
							<operator><![CDATA[+]]></operator>
							<value><![CDATA[0]]></value>
						</ac>
					</actions>
				</a>
				<a>
					<body><![CDATA[False]]></body>
					<actions>
						<ac>
							<type><![CDATA[points]]></type>
							<operator><![CDATA[+]]></operator>
							<value><![CDATA[1]]></value>
						</ac>
					</actions>
				</a>
			</answers>
		</q>
		<q type = "yes/no" info_box = "0" info_box_position = "0">
			<title><![CDATA[New question]]></title>
			<body><![CDATA[<b>Do you think the following statement is true or false?</b><div><br><div>'If a man is obese he is 4 times more likely to develop high blood pressure.'</div></div>]]></body>
			<answers>
				<a>
					<body><![CDATA[True]]></body>
					<actions>
						<ac>
							<type><![CDATA[points]]></type>
							<operator><![CDATA[+]]></operator>
							<value><![CDATA[1]]></value>
						</ac>
					</actions>
				</a>
				<a>
					<body><![CDATA[False]]></body>
					<actions>
						<ac>
							<type><![CDATA[points]]></type>
							<operator><![CDATA[+]]></operator>
							<value><![CDATA[0]]></value>
						</ac>
					</actions>
				</a>
			</answers>
		</q>
		<q type = "yes/no" info_box = "0" info_box_position = "0">
			<title><![CDATA[New question]]></title>
			<body><![CDATA[<div><b>Do you think the following statement is true or false?&nbsp;</b></div><div><b><br></b></div><div>'I had my blood pressure checked around 5 years ago so I know my blood pressure is low'</div>]]></body>
			<answers>
				<a>
					<body><![CDATA[True]]></body>
					<actions>
						<ac>
							<type><![CDATA[points]]></type>
							<operator><![CDATA[+]]></operator>
							<value><![CDATA[0]]></value>
						</ac>
					</actions>
				</a>
				<a>
					<body><![CDATA[False]]></body>
					<actions>
						<ac>
							<type><![CDATA[points]]></type>
							<operator><![CDATA[+]]></operator>
							<value><![CDATA[1]]></value>
						</ac>
					</actions>
				</a>
			</answers>
		</q>
		<q type = "yes/no" info_box = "0" info_box_position = "0">
			<title><![CDATA[New question]]></title>
			<body><![CDATA[<b>Do you think the following statement is true or false?&nbsp;</b><div><b><br></b><div>'You need to make an appointment and see your GP to get a blood pressure test.'</div></div>]]></body>
			<answers>
				<a>
					<body><![CDATA[True]]></body>
					<actions>
						<ac>
							<type><![CDATA[points]]></type>
							<operator><![CDATA[+]]></operator>
							<value><![CDATA[0]]></value>
						</ac>
					</actions>
				</a>
				<a>
					<body><![CDATA[False]]></body>
					<actions>
						<ac>
							<type><![CDATA[points]]></type>
							<operator><![CDATA[+]]></operator>
							<value><![CDATA[1]]></value>
						</ac>
					</actions>
				</a>
			</answers>
		</q>
		<q type = "multiple select" info_box = "0" info_box_position = "0">
			<title><![CDATA[New question]]></title>
			<body><![CDATA[<div>What conditions can high blood pressure lead to? You can pick more than one:</div>]]></body>
			<answers>
				<a>
					<body><![CDATA[Heart attack]]></body>
					<actions>
						<ac>
							<type><![CDATA[points]]></type>
							<operator><![CDATA[+]]></operator>
							<value><![CDATA[1]]></value>
						</ac>
					</actions>
				</a>
				<a>
					<body><![CDATA[Stroke]]></body>
					<actions>
						<ac>
							<type><![CDATA[points]]></type>
							<operator><![CDATA[+]]></operator>
							<value><![CDATA[1]]></value>
						</ac>
					</actions>
				</a>
				<a>
					<body><![CDATA[Kidney disease]]></body>
					<actions>
						<ac>
							<type><![CDATA[points]]></type>
							<operator><![CDATA[+]]></operator>
							<value><![CDATA[1]]></value>
						</ac>
					</actions>
				</a>
				<a>
					<body><![CDATA[Dementia]]></body>
					<actions>
						<ac>
							<type><![CDATA[points]]></type>
							<operator><![CDATA[+]]></operator>
							<value><![CDATA[1]]></value>
						</ac>
					</actions>
				</a>
			</answers>
		</q>
		<q type = "multiple select" info_box = "0" info_box_position = "0">
			<title><![CDATA[New question]]></title>
			<body><![CDATA[<div>What factors are known to increase the risk of developing high blood pressure? You can pick more than one.</div>]]></body>
			<answers>
				<a>
					<body><![CDATA[Being overweight]]></body>
					<actions>
						<ac>
							<type><![CDATA[points]]></type>
							<operator><![CDATA[+]]></operator>
							<value><![CDATA[1]]></value>
						</ac>
					</actions>
				</a>
				<a>
					<body><![CDATA[Too much salt in your diet]]></body>
					<actions>
						<ac>
							<type><![CDATA[points]]></type>
							<operator><![CDATA[+]]></operator>
							<value><![CDATA[1]]></value>
						</ac>
					</actions>
				</a>
				<a>
					<body><![CDATA[Not enough physical activity]]></body>
					<actions>
						<ac>
							<type><![CDATA[points]]></type>
							<operator><![CDATA[+]]></operator>
							<value><![CDATA[1]]></value>
						</ac>
					</actions>
				</a>
				<a>
					<body><![CDATA[Drinking too much alcohol]]></body>
					<actions>
						<ac>
							<type><![CDATA[points]]></type>
							<operator><![CDATA[+]]></operator>
							<value><![CDATA[1]]></value>
						</ac>
					</actions>
				</a>
				<a>
					<body><![CDATA[Stress]]></body>
					<actions>
						<ac>
							<type><![CDATA[points]]></type>
							<operator><![CDATA[+]]></operator>
							<value><![CDATA[1]]></value>
						</ac>
					</actions>
				</a>
				<a>
					<body><![CDATA[Family history of high blood pressure]]></body>
					<actions>
						<ac>
							<type><![CDATA[points]]></type>
							<operator><![CDATA[+]]></operator>
							<value><![CDATA[1]]></value>
						</ac>
					</actions>
				</a>
			</answers>
		</q>
	</questions>
	<results>
		<ri type = "progress bar" p1 = "0" p2 = "18" p3 = "Points"><![CDATA[Here's how well you did:]]></ri>
		<ri type = "points triggered result" p1 = "0" p2 = "11" p3 = ""><![CDATA[<div><div>Oh dear. You don't know very much about blood pressure. Take action today and <a href="http://www.nhs.uk/Conditions/Blood-pressure-(high)/Pages/Prevention.aspx" title="" target="_blank">learn more</a> about the risks, causes and treatment for high blood pressure. The more you know, the better you can protect your health.&nbsp;</div><div><br></div><div>You can go back to the questions and check your answers and below is an overview of the blood pressure facts:</div></div><div><div><ul><li>1 in 4 (a quarter) of people in England have high blood pressure (hypertension)</li><li>High blood pressure doesn't usually cause symptoms</li><li>Simple lifestyle changes can significantly lower your blood pressure without medication</li><li>Cutting down on salt will reduce blood pressure but it is not the only cause</li><li>Obesity multiplies the risk of developing high blood pressure</li><li>Your blood pressure can fluctuate which is why we should get tested at least every 5 years</li><li>You can get tested with your GP, a nurse, healthcare assistant or pharmacy or by using self-service machines and home monitors</li><li>40 – 74 year olds can be tested through the free NHS Health Check</li><li>High blood pressure is a risk factor for heart attack, stroke, kidney disease and dementia</li><li>Being overweight, too much salt, not being active enough, drinking too much alcohol, stress and family history are all risk factors</li></ul></div></div>]]></ri>
		<ri type = "points triggered result" p1 = "11" p2 = "16" p3 = ""><![CDATA[Well done, you know quite a bit about blood pressure. <a href="http://www.nhs.uk/conditions/Blood-pressure-(high)/Pages/Introduction.aspx" title="" target="_blank">Learn more</a>&nbsp;about the risks, causes and treatment for high blood pressure.&nbsp;The more you know, the better you can protect your health.&nbsp;<div><div><br></div><div>You can go back to the questions and check your answers and below is an overview of the blood pressure facts:</div></div><div><ul><li>1 in 4 (a quarter) of people in England have high blood pressure (hypertension)</li><li>High blood pressure doesn't usually cause symptoms</li><li>Simple lifestyle changes can significantly lower your blood pressure without medication</li><li>Cutting down on salt will reduce blood pressure but it is not the only cause</li><li>Obesity multiplies the risk of developing high blood pressure</li><li>Your blood pressure can fluctuate which is why we should get tested at least every 5 years</li><li>You can get tested with your GP, a nurse, healthcare assistant or pharmacy or by using self-service machines and home monitors</li><li>40 – 74 year olds can be tested through the free NHS Health Check</li><li>High blood pressure is a risk factor for heart attack, stroke, kidney disease and dementia</li><li>Being overweight, too much salt, not being active enough, drinking too much alcohol, stress and family history are all risk factors</li></ul></div>]]></ri>
		<ri type = "points triggered result" p1 = "16" p2 = "25" p3 = ""><![CDATA[Brilliant! You really know your stuff when it comes to blood pressure.&nbsp;<a href="http://www.nhs.uk/conditions/Blood-pressure-(high)/Pages/Introduction.aspx" title="" target="_blank">Learn more</a>&nbsp;about the risks, causes and treatment for high blood pressure.&nbsp;The more you know, the better you can protect your health.&nbsp;<div><div><br></div><div>You can go back to the questions and check your answers and below is an overview of the blood pressure facts:</div></div><div><ul><li>1 in 4 (a quarter) of people in England have high blood pressure (hypertension)</li><li>High blood pressure doesn't usually cause symptoms</li><li>Simple lifestyle changes can significantly lower your blood pressure without medication</li><li>Cutting down on salt will reduce blood pressure but it is not the only cause</li><li>Obesity multiplies the risk of developing high blood pressure</li><li>Your blood pressure can fluctuate which is why we should get tested at least every 5 years</li><li>You can get tested with your GP, a nurse, healthcare assistant or pharmacy or by using self-service machines and home monitors</li><li>40 – 74 year olds can be tested through the free NHS Health Check</li><li>High blood pressure is a risk factor for heart attack, stroke, kidney disease and dementia</li><li>Being overweight, too much salt, not being active enough, drinking too much alcohol, stress and family history are all risk factors</li></ul></div>]]></ri>
		<ri type = "image" p1 = "null" p2 = "" p3 = ""><![CDATA[phe.png]]></ri>
	</results>
	<links>
		<li type = "text" p1 = "" p2 = ""><![CDATA[With high blood pressure affecting over a quarter of all adults in England it is important that everyone takes the time to get checked and to take action to lower their risk. Here are some links to articles that you might find useful:]]></li>
		<li type = "obligatory link" p1 = "" p2 = ""><![CDATA[657]]></li>
		<li type = "obligatory link" p1 = "" p2 = ""><![CDATA[659]]></li>
		<li type = "obligatory link" p1 = "" p2 = ""><![CDATA[661]]></li>
		<li type = "obligatory link" p1 = "" p2 = ""><![CDATA[658]]></li>
		<li type = "obligatory link" p1 = "" p2 = ""><![CDATA[664]]></li>
	</links>
	<result_items>
		<ri id = "1178" priority = "0"><![CDATA[You were wrong. A diagnosis of high blood pressure does not necessarily mean that you need to begin on medication. Lifestyle changes such as a healthier diet or more physical activity can significantly lower it without medication.]]></ri>
		<ri id = "1177" priority = "0"><![CDATA[You were right. A diagnosis of high blood pressure does not necessarily mean that you need to begin on medication. Lifestyle changes such as a healthier diet or more physical activity can significantly lower it without medication.]]></ri>
	</result_items>
	<link_items>
		<ri id = "657" url = "http://www.nhs.uk/conditions/Blood-pressure-(high)/Pages/Introduction.aspx"><![CDATA[Learn more about high blood pressure]]></ri>		<ri id = "659" url = "http://www.nhs.uk/livewell/healthyhearts/Pages/Healthyheartshome.aspx"><![CDATA[Read all about having a healthier heart]]></ri>		<ri id = "661" url = "http://www.nhs.uk/livewell/hypertension/pages/keepbloodpressurehealthy.aspx"><![CDATA[Is your blood pressure healthy?]]></ri>		<ri id = "658" url = "http://www.nhs.uk/Conditions/nhs-health-check/Pages/NHS-Health-Check.aspx"><![CDATA[Learn about the over 40s NHS Health Check]]></ri>		<ri id = "664" url = "https://www.gov.uk/government/organisations/public-health-england"><![CDATA[More information for professionals]]></ri>	</link_items>
	<qvars>
	</qvars>
	<info_boxes>
		<ib  id = "270">
			<title><![CDATA[Check your answer]]></title>
			<body><![CDATA[More than 1 in 4 (a quarter) of people &nbsp;in England have high blood pressure. It is one of the biggest causes of premature death and disability.]]></body>
			<name><![CDATA[Check your answer]]></name>
		</ib>
		<ib  id = "0">
			<title><![CDATA[]]></title>
			<body><![CDATA[]]></body>
			<name><![CDATA[]]></name>
		</ib>
	</info_boxes>
	<videos>
	</videos>
</root>
