<?xml version="1.0" encoding="utf-8"?>
<root>
	<config>
		<></>		
	</config>
	<questions>
	</questions>
	<results>
		<ri type = "image" p1 = "0" p2 = "25" p3 = ""><![CDATA[coding-horror-official-logo-small.png]]></ri>
		<ri type = "progress bar" p1 = "0" p2 = "100" p3 = "Points"><![CDATA[Your score]]></ri>
		<ri type = "text" p1 = "" p2 = "" p3 = ""><![CDATA[<a href="http://nhs.uk" title="" target="">Test</a> Accumulated results now follow:]]></ri>
		<ri type = "accumulated results" p1 = "" p2 = "" p3 = ""><![CDATA[]]></ri>
		<ri type = "text" p1 = "4" p2 = "8" p3 = ""><![CDATA[<a href="http://nhs.uk/" title="" target="">test</a>&nbsp;and now points triggered results:]]></ri>
		<ri type = "points triggered result" p1 = "20" p2 = "35" p3 = ""><![CDATA[you are kinda healthy <a href="http://nhs.uk" title="" target="">test</a>]]></ri>
		<ri type = "points triggered result" p1 = "10" p2 = "35" p3 = ""><![CDATA[<a href="http://nhs.uk/" title="" target="">test</a>&nbsp;Lorem ipsum dolor sit amet, consectetur adipiscing elit. Phasellus in nulla libero. Pellentesque commodo dui neque, eget tempus eros. Phasellus auctor diam eleifend orci pharetra porta. Vestibulum ante ipsum primis in faucibus orci luctus et ultrices posuere.]]></ri>
		<ri type = "text" p1 = "" p2 = "" p3 = ""><![CDATA[<br>]]></ri>
	</results>
	<links>
		<li type = "text" p1 = "" p2 = ""><![CDATA[<h2>title</h2><p>etra iaculis. Vestibulum eu nibh diam, <a href="http://nhs.uk" title="" target="">et hendrerit risus. In sodales libero </a>ut sem congue sit amet lobortis erat accumsan. Ut consectetur, diam at cursus congue, diam nibh interdum libero, a tincidunt augue nibh vitae lectus. Quisque rhoncus sagittis urna vitae ultrice.</p>]]></li>
		<li type = "accumulated links" p1 = "6" p2 = ""><![CDATA[]]></li>
		<li type = "text" p1 = "" p2 = ""><![CDATA[And now some videos]]></li>
		<li type = "accumulated videos" p1 = "4" p2 = ""><![CDATA[]]></li>
		<li type = "obligatory video" p1 = "" p2 = ""><![CDATA[808583357001]]></li>
	</links>
	<result_items>
	</result_items>
	<link_items>
	</link_items>
	<qvars>
	</qvars>
	<info_boxes>
	</info_boxes>
	<videos>
			<v>683503789001</v>			<v>1314702618001</v>			<v>684930128001</v>			<v>808583357001</v>	</videos>
</root>
