<?xml version="1.0" encoding="iso-8859-1"?>
<root>
	<config>
		<id>53</id>		
		<title>Childhood health self-assessment</title>		
		<colour_1>FF6600|FF9800</colour_1>
		<colour_2>669900|9BC363</colour_2>
		<colour_3>669900|9BC363</colour_3>
		<intro_title><![CDATA[Are you raising a healthy child?]]></intro_title>		
		<intro_copy><![CDATA[Childhood is a great time to start eating healthily and keeping active. Establishing healthy habits early on can help to improve your child's quality of life in the future.<br><br>Find out how you&nbsp;and your child are&nbsp;doing with this&nbsp;short assessment.<br>]]></intro_copy>		
		<intro_foot><![CDATA[<br>]]></intro_foot>		
		<intro_graphic><![CDATA[img_Childhood_health_assessment.jpg]]></intro_graphic>		
		<intro_graphic_position><![CDATA[6]]></intro_graphic_position>		
		<dimensions>362x410</dimensions>		
		<print_title>Your checklist</print_title>		
		<reporting>0</reporting>		
		<syndication_footer>1</syndication_footer>		
	</config>
	<questions>
		<q type = "single select" info_box = "194" info_box_position = "0">
			<title><![CDATA[New question]]></title>
			<body><![CDATA[<div>At breakfast time, what is your child most likely to eat?</div>]]></body>
			<answers>
				<a>
					<body><![CDATA[Porridge, muesli or wholegrain cereal with milk]]></body>
					<actions>
						<ac>
							<type>points</type>
							<operator>+</operator>
							<value>0</value>
						</ac>
						<ac>
							<type>result</type>
							<value>751</value>
						</ac>
						<ac>
							<type>link</type>
							<value>423</value>
						</ac>
					</actions>
				</a>
				<a>
					<body><![CDATA[Sugar-coated or chocolate-flavoured breakfast cereal with milk]]></body>
					<actions>
						<ac>
							<type>points</type>
							<operator>+</operator>
							<value>2</value>
						</ac>
						<ac>
							<type>result</type>
							<value>752</value>
						</ac>
						<ac>
							<type>link</type>
							<value>423</value>
						</ac>
					</actions>
				</a>
				<a>
					<body><![CDATA[Wholewheat toast]]></body>
					<actions>
						<ac>
							<type>points</type>
							<operator>+</operator>
							<value>0</value>
						</ac>
						<ac>
							<type>result</type>
							<value>751</value>
						</ac>
						<ac>
							<type>link</type>
							<value>423</value>
						</ac>
					</actions>
				</a>
				<a>
					<body><![CDATA[White toast]]></body>
					<actions>
						<ac>
							<type>points</type>
							<operator>+</operator>
							<value>1</value>
						</ac>
						<ac>
							<type>result</type>
							<value>754</value>
						</ac>
						<ac>
							<type>link</type>
							<value>423</value>
						</ac>
					</actions>
				</a>
				<a>
					<body><![CDATA[Nothing, there's never enough time]]></body>
					<actions>
						<ac>
							<type>points</type>
							<operator>+</operator>
							<value>3</value>
						</ac>
						<ac>
							<type>result</type>
							<value>753</value>
						</ac>
						<ac>
							<type>link</type>
							<value>423</value>
						</ac>
					</actions>
				</a>
			</answers>
		</q>
		<q type = "single select" info_box = "0" info_box_position = "0">
			<title><![CDATA[New question]]></title>
			<body><![CDATA[If you child has a snack, what is it most likely to be?]]></body>
			<answers>
				<a>
					<body><![CDATA[A packet of crisps]]></body>
					<actions>
						<ac>
							<type>result</type>
							<value>755</value>
						</ac>
						<ac>
							<type>points</type>
							<operator>+</operator>
							<value>3</value>
						</ac>
						<ac>
							<type>link</type>
							<value>424</value>
						</ac>
					</actions>
				</a>
				<a>
					<body><![CDATA[Chocolate, sweets or biscuits]]></body>
					<actions>
						<ac>
							<type>result</type>
							<value>756</value>
						</ac>
						<ac>
							<type>points</type>
							<operator>+</operator>
							<value>3</value>
						</ac>
						<ac>
							<type>link</type>
							<value>424</value>
						</ac>
					</actions>
				</a>
				<a>
					<body><![CDATA[A piece of fresh fruit ]]></body>
					<actions>
						<ac>
							<type>points</type>
							<operator>+</operator>
						</ac>
					</actions>
				</a>
				<a>
					<body><![CDATA[Crackers, rice cakes or breadsticks]]></body>
					<actions>
						<ac>
							<type>points</type>
							<operator>+</operator>
						</ac>
					</actions>
				</a>
				<a>
					<body><![CDATA[Oat bars or wholegrain bars]]></body>
					<actions>
						<ac>
							<type>points</type>
							<operator>+</operator>
						</ac>
					</actions>
				</a>
				<a>
					<body><![CDATA[Dried fruit or nuts]]></body>
					<actions>
						<ac>
							<type>points</type>
							<operator>+</operator>
						</ac>
					</actions>
				</a>
			</answers>
		</q>
		<q type = "single select" info_box = "0" info_box_position = "0">
			<title><![CDATA[New question]]></title>
			<body><![CDATA[At lunchtime, what is your child most likely to eat?]]></body>
			<answers>
				<a>
					<body><![CDATA[Packed lunch, which includes sandwiches, crisps, fizzy drink and chocolate bar]]></body>
					<actions>
						<ac>
							<type>points</type>
							<operator>+</operator>
							<value>3</value>
						</ac>
						<ac>
							<type>result</type>
							<value>757</value>
						</ac>
						<ac>
							<type>link</type>
							<value>425</value>
						</ac>
					</actions>
				</a>
				<a>
					<body><![CDATA[Packed lunch, which includes sandwiches with veggies or salad, fresh fruit and fruit juice]]></body>
					<actions>
						<ac>
							<type>result</type>
							<value>758</value>
						</ac>
						<ac>
							<type>link</type>
							<value>425</value>
						</ac>
					</actions>
				</a>
				<a>
					<body><![CDATA[Cooked meal from the school canteen]]></body>
					<actions>
						<ac>
							<type>result</type>
							<value>759</value>
						</ac>
					</actions>
				</a>
			</answers>
		</q>
		<q type = "single select" info_box = "196" info_box_position = "0">
			<title><![CDATA[New question]]></title>
			<body><![CDATA[How many portions of fruit or veg do they eat each day?]]></body>
			<answers>
				<a>
					<body><![CDATA[None





]]></body>
					<actions>
						<ac>
							<type>result</type>
							<value>760</value>
						</ac>
						<ac>
							<type>points</type>
							<operator>+</operator>
							<value>4</value>
						</ac>
						<ac>
							<type>video</type>
							<value>746897747001</value>
						</ac>
					</actions>
				</a>
				<a>
					<body><![CDATA[One or two]]></body>
					<actions>
						<ac>
							<type>result</type>
							<value>760</value>
						</ac>
						<ac>
							<type>points</type>
							<operator>+</operator>
							<value>3</value>
						</ac>
						<ac>
							<type>video</type>
							<value>746897747001</value>
						</ac>
					</actions>
				</a>
				<a>
					<body><![CDATA[Three or four]]></body>
					<actions>
						<ac>
							<type>result</type>
							<value>761</value>
						</ac>
						<ac>
							<type>points</type>
							<operator>+</operator>
							<value>1</value>
						</ac>
						<ac>
							<type>video</type>
							<value>746897747001</value>
						</ac>
					</actions>
				</a>
				<a>
					<body><![CDATA[Five or more]]></body>
					<actions>
						<ac>
							<type>result</type>
							<value>762</value>
						</ac>
						<ac>
							<type>points</type>
							<operator>+</operator>
							<value>0</value>
						</ac>
						<ac>
							<type>link</type>
							<value>433</value>
						</ac>
					</actions>
				</a>
			</answers>
		</q>
		<q type = "single select" info_box = "0" info_box_position = "0">
			<title><![CDATA[New question]]></title>
			<body><![CDATA[<div>How many hours sleep does your child have each night?</div>]]></body>
			<answers>
				<a>
					<body><![CDATA[Less than 4 hours]]></body>
					<actions>
						<ac>
							<type>points</type>
							<operator>+</operator>
							<value>5</value>
						</ac>
						<ac>
							<type>result</type>
							<value>770</value>
						</ac>
						<ac>
							<type>link</type>
							<value>431</value>
						</ac>
					</actions>
				</a>
				<a>
					<body><![CDATA[5 to 7 hours]]></body>
					<actions>
						<ac>
							<type>points</type>
							<operator>+</operator>
							<value>3</value>
						</ac>
						<ac>
							<type>result</type>
							<value>770</value>
						</ac>
						<ac>
							<type>link</type>
							<value>431</value>
						</ac>
					</actions>
				</a>
				<a>
					<body><![CDATA[8 to 12 hours]]></body>
					<actions>
						<ac>
							<type>points</type>
							<operator>+</operator>
						</ac>
					</actions>
				</a>
				<a>
					<body><![CDATA[More than 12 hours]]></body>
					<actions>
						<ac>
							<type>points</type>
							<operator>+</operator>
						</ac>
					</actions>
				</a>
			</answers>
		</q>
		<q type = "single select" info_box = "0" info_box_position = "0">
			<title><![CDATA[New question]]></title>
			<body><![CDATA[How does your child get to school?]]></body>
			<answers>
				<a>
					<body><![CDATA[Walking]]></body>
					<actions>
						<ac>
							<type>result</type>
							<value>763</value>
						</ac>
					</actions>
				</a>
				<a>
					<body><![CDATA[Bus]]></body>
					<actions>
						<ac>
							<type>result</type>
							<value>764</value>
						</ac>
						<ac>
							<type>points</type>
							<operator>+</operator>
							<value>3</value>
						</ac>
					</actions>
				</a>
				<a>
					<body><![CDATA[Car]]></body>
					<actions>
						<ac>
							<type>result</type>
							<value>764</value>
						</ac>
						<ac>
							<type>points</type>
							<operator>+</operator>
							<value>3</value>
						</ac>
						<ac>
							<type>video</type>
							<value>747074324001</value>
						</ac>
					</actions>
				</a>
				<a>
					<body><![CDATA[Bike]]></body>
					<actions>
						<ac>
							<type>result</type>
							<value>765</value>
						</ac>
					</actions>
				</a>
				<a>
					<body><![CDATA[Other]]></body>
					<actions>
						<ac>
							<type>points</type>
							<operator>+</operator>
						</ac>
					</actions>
				</a>
			</answers>
		</q>
		<q type = "single select" info_box = "195" info_box_position = "0">
			<title><![CDATA[New question]]></title>
			<body><![CDATA[<div>Outside of school time, how much physical activity does your child do each day?</div>]]></body>
			<answers>
				<a>
					<body><![CDATA[Less than 30 minutes]]></body>
					<actions>
						<ac>
							<type>result</type>
							<value>766</value>
						</ac>
						<ac>
							<type>points</type>
							<operator>+</operator>
							<value>5</value>
						</ac>
						<ac>
							<type>link</type>
							<value>428</value>
						</ac>
					</actions>
				</a>
				<a>
					<body><![CDATA[30 minutes to 1 hour]]></body>
					<actions>
						<ac>
							<type>result</type>
							<value>766</value>
						</ac>
						<ac>
							<type>points</type>
							<operator>+</operator>
							<value>2</value>
						</ac>
						<ac>
							<type>link</type>
							<value>428</value>
						</ac>
					</actions>
				</a>
				<a>
					<body><![CDATA[1 to 2 hours]]></body>
					<actions>
						<ac>
							<type>result</type>
							<value>767</value>
						</ac>
						<ac>
							<type>points</type>
							<operator>+</operator>
						</ac>
						<ac>
							<type>link</type>
							<value>428</value>
						</ac>
					</actions>
				</a>
				<a>
					<body><![CDATA[Over 2 hours]]></body>
					<actions>
						<ac>
							<type>result</type>
							<value>767</value>
						</ac>
						<ac>
							<type>link</type>
							<value>428</value>
						</ac>
					</actions>
				</a>
			</answers>
		</q>
		<q type = "single select" info_box = "0" info_box_position = "0">
			<title><![CDATA[New question]]></title>
			<body><![CDATA[<div>How many hours does your child spend watching TV, or playing on a computer or video game each day?</div>]]></body>
			<answers>
				<a>
					<body><![CDATA[Less than 1 hour]]></body>
					<actions>
						<ac>
							<type>link</type>
							<value>429</value>
						</ac>
					</actions>
				</a>
				<a>
					<body><![CDATA[2 to 4 hours]]></body>
					<actions>
						<ac>
							<type>result</type>
							<value>768</value>
						</ac>
						<ac>
							<type>points</type>
							<operator>+</operator>
							<value>2</value>
						</ac>
						<ac>
							<type>link</type>
							<value>429</value>
						</ac>
					</actions>
				</a>
				<a>
					<body><![CDATA[5 to 7 hours]]></body>
					<actions>
						<ac>
							<type>result</type>
							<value>768</value>
						</ac>
						<ac>
							<type>points</type>
							<operator>+</operator>
							<value>3</value>
						</ac>
						<ac>
							<type>link</type>
							<value>430</value>
						</ac>
					</actions>
				</a>
				<a>
					<body><![CDATA[7 or more hours]]></body>
					<actions>
						<ac>
							<type>result</type>
							<value>769</value>
						</ac>
						<ac>
							<type>points</type>
							<operator>+</operator>
							<value>5</value>
						</ac>
						<ac>
							<type>link</type>
							<value>430</value>
						</ac>
					</actions>
				</a>
			</answers>
		</q>
	</questions>
	<results>
		<ri type = "points triggered result" p1 = "0" p2 = "11" p3 = ""><![CDATA[<div>Based on your responses today&nbsp;you're doing well! &nbsp;Your child enjoys an active life and healthy diet. Here's more on your assessment:&nbsp;</div>]]></ri>
		<ri type = "points triggered result" p1 = "11" p2 = "19" p3 = ""><![CDATA[Based on your responses today some areas of your child's life could be more healthy. Try some of the ideas below to improve their long-term health. Pick one idea and when you're happy with that one, try another one:]]></ri>
		<ri type = "points triggered result" p1 = "19" p2 = "33" p3 = ""><![CDATA[Based on your responses today&nbsp;your child could have a healthier lifestyle. Try some of the ideas below to improve their long-term health. Pick one idea and when you're happy with that one, try another one:]]></ri>
		<ri type = "accumulated results" p1 = "" p2 = "" p3 = ""><![CDATA[]]></ri>
	</results>
	<links>
		<li type = "text" p1 = "" p2 = ""><![CDATA[<div>The following features and videos may be of interest:</div>]]></li>
		<li type = "accumulated links" p1 = "" p2 = ""><![CDATA[]]></li>
		<li type = "accumulated videos" p1 = "" p2 = ""><![CDATA[]]></li>
	</links>
	<result_items>
		<ri id = "751" priority = "0"><![CDATA[1.Eating a healthy breakfast means your child enjoys a good start to the day.]]></ri>
		<ri id = "752" priority = "0"><![CDATA[2.Try having a wholegrain cereal at breakfast, it will provide more energy and nutrients.]]></ri>
		<ri id = "754" priority = "0"><![CDATA[4.Try having a wholemeal toast at breakfast, it will provide more energy and nutrients.]]></ri>
		<ri id = "753" priority = "0"><![CDATA[3.Children tend to do better at school if they eat breakfast so encourage them to eat first thing.]]></ri>
		<ri id = "755" priority = "0"><![CDATA[5.Crisps can be high in fat and salt so swap them for things like nuts, fruit or plain popcorn.]]></ri>
		<ri id = "756" priority = "0"><![CDATA[6.Swap processed snacks for things like fruit, plain popcorn or nuts.]]></ri>
		<ri id = "757" priority = "0"><![CDATA[7.Try to avoid crisps and chocolate in their packed lunch.]]></ri>
		<ri id = "758" priority = "0"><![CDATA[8.Your kid's lunch box sounds healthy. Keep it varied by introducing new fruits and veg.]]></ri>
		<ri id = "759" priority = "0"><![CDATA[9.Talk to your child about making healthy choices if they pick their own meal from the canteen.]]></ri>
		<ri id = "760" priority = "0"><![CDATA[10.Fruit and veg are vital sources of vitamins, so it's important your child eats more.]]></ri>
		<ri id = "761" priority = "0"><![CDATA[11.Fruit and veg are vital sources of vitamins, so it's important your child eats more.]]></ri>
		<ri id = "762" priority = "0"><![CDATA[12.Your child is receiving a good source of vitamins and minerals by eating their 5 A DAY.]]></ri>
		<ri id = "770" priority = "0"><![CDATA[20.Help your child sleep for longer. Four to nine-year-olds need about 10-11.5 hours and older kids at least 8.5.]]></ri>
		<ri id = "763" priority = "0"><![CDATA[13.Walking to school improves your child's level of fitness.]]></ri>
		<ri id = "764" priority = "0"><![CDATA[14.Not everyone can walk to school but if possible try to walk at least part of the way.]]></ri>
		<ri id = "765" priority = "0"><![CDATA[15.Cycling to school improves your child's level of fitness.]]></ri>
		<ri id = "766" priority = "0"><![CDATA[16.Encourage your child to do at least one hour of exercise a day.]]></ri>
		<ri id = "767" priority = "0"><![CDATA[17.By taking part in physical activity your child is building muscles and bones, and self-confidence too.]]></ri>
		<ri id = "768" priority = "0"><![CDATA[18.Cut down on things like TV so they can enjoy more active ways to play.]]></ri>
		<ri id = "769" priority = "0"><![CDATA[19.Watching TV or playing on the computer for this long may affect their long-term health.]]></ri>
	</result_items>
	<link_items>
		<ri id = "423" url = "http://www.nhs.uk/Livewell/loseweight/Pages/Healthybreakfasts.aspx">
1.Find out about healthy breakfasts		</ri>
		<ri id = "424" url = "http://www.nhs.uk/Livewell/loseweight/Pages/Healthyfoodswaps.aspx">
2.Read about healthy food swaps		</ri>
		<ri id = "425" url = "http://www.nhs.uk/Livewell/childhealth6-15/Pages/Lighterlunchboxes.aspx">
3.Find out what to include in a healthy lunchbox		</ri>
		<ri id = "433" url = "http://www.nhs.uk/Tools/Pages/5aday.aspx">
11.Try the 5 A DAY meal planner		</ri>
		<ri id = "431" url = "http://www.nhs.uk/livewell/childrenssleep/Pages/Childrenssleephome.aspx">
9.Find out about healthy sleep habits		</ri>
		<ri id = "428" url = "http://www.nhs.uk/Livewell/fitness/Pages/Whybeactive.aspx">
6.Why it's important for children to be active		</ri>
		<ri id = "429" url = "http://www.nhs.uk/Tools/Pages/Widget.aspx">
7.Receive daily family fitness tips		</ri>
		<ri id = "430" url = "http://www.nhs.uk/Livewell/childhealth6-15/Pages/Getactivewithyourkids.aspx">
8.Get active with your kids		</ri>
	</link_items>
	<qvars>
	</qvars>
	<info_boxes>
		<ib  id = "194">
			<title><![CDATA[What's wholegrain or wholemeal?]]></title>
			<body><![CDATA[<div>Most cereals and breads have a wholegrain or wholemeal variety, which contain more insoluble fibre (also called "roughage"), and usually more vitamins and minerals than white flour or white rice.</div><div><br></div><div>Insoluble fibre helps to keep bowels healthy and stop constipation. And this means we are less likely to get some common disorders of the gut. Foods rich in this sort of fibre are more bulky and so help make us feel full, which means we are less likely to eat too much.</div>]]></body>
			<name><![CDATA[What's wholegrain or wholemeal?]]></name>
		</ib>
		<ib  id = "0">
			<title><![CDATA[]]></title>
			<body><![CDATA[]]></body>
			<name><![CDATA[]]></name>
		</ib>
		<ib  id = "196">
			<title><![CDATA[What counts as a portion?]]></title>
			<body><![CDATA[<div>Almost all fruit and vegetables count towards your 5 A DAY. Fresh, frozen, chilled, canned, 100% juice and smoothies all count, as do dried fruit and vegetables.</div><div><br></div><div>Potatoes and other related vegetables such as yams and cassava do not count. Also, fruit juice and dried fruit only count as one portion no matter how much you drink or eat.</div><div><br></div><div>One portion is equivalent to 80g of fruit or vegetables, roughly one handful.</div>]]></body>
			<name><![CDATA[What counts as a portion?]]></name>
		</ib>
		<ib  id = "195">
			<title><![CDATA[More on physical activity ]]></title>
			<body><![CDATA[<div>Physical activity, on a basic level, is any movement that makes you feel warm and slightly out of breath. It includes the full range of human movement, from swimming and playing football to running around in the park or walking to school.</div><div><br></div><div>Children and young people should aim to do at least 60 minutes of moderate-intensity physical activity each day. At least twice a week, this should include activities to strengthen bone and muscles, and increase flexibility.</div>]]></body>
			<name><![CDATA[More on physical activity ]]></name>
		</ib>
	</info_boxes>
</root>
