<?xml version="1.0" encoding="utf-8"?>
<root>
	<config>
		<id>59</id>		
		<title>Long-term conditions assessment</title>		
		<colour_1>006699|0799C6</colour_1>
		<colour_2>A90000|FB3103</colour_2>
		<colour_3>669900|9BC363</colour_3>
		<intro_title><![CDATA[What help should you expect?]]></intro_title>		
		<intro_copy><![CDATA[This self-assessment will help you to find out if you are receiving the right kind of care and support for your situation.<br><br>At the end it will provide you with a printable checklist, plus advice on what further help you may be entitled to.]]></intro_copy>		
		<intro_copy_alt><![CDATA[<br>]]></intro_copy_alt>		
		<intro_foot><![CDATA[<br>]]></intro_foot>		
		<intro_graphic><![CDATA[ltc assessment.swf]]></intro_graphic>		
		<intro_graphic_alt><![CDATA[]]></intro_graphic_alt>		
		<hr_intro_graphic_alt><![CDATA[]]></hr_intro_graphic_alt>		
		<intro_graphic_position><![CDATA[6]]></intro_graphic_position>		
		<dimensions>362x434</dimensions>		
		<print_title>Your checklist</print_title>		
		<reporting>0</reporting>		
		<syndication_footer>1</syndication_footer>		
	</config>
	<questions>
		<q type = "single select" info_box = "0" info_box_position = "0">
			<title><![CDATA[New question]]></title>
			<body><![CDATA[How well do you understand your health condition?]]></body>
			<answers>
				<a>
					<body><![CDATA[I’m not confident that I understand my condition]]></body>
					<actions>
						<ac>
							<type>result</type>
							<value>832</value>
						</ac>
					</actions>
				</a>
				<a>
					<body><![CDATA[I know a bit about my condition but would like to know more]]></body>
					<actions>
						<ac>
							<type>result</type>
							<value>832</value>
						</ac>
					</actions>
				</a>
				<a>
					<body><![CDATA[I think I understand my condition well]]></body>
					<actions>
						<ac>
							<type>points</type>
							<operator>+</operator>
						</ac>
					</actions>
				</a>
			</answers>
		</q>
		<q type = "single select" info_box = "215" info_box_position = "0">
			<title><![CDATA[New question]]></title>
			<body><![CDATA[Do you know what having a long-term condition means?]]></body>
			<answers>
				<a>
					<body><![CDATA[No, I don’t know what this means]]></body>
					<actions>
						<ac>
							<type>link</type>
							<value>473</value>
						</ac>
					</actions>
				</a>
				<a>
					<body><![CDATA[Yes, I have a good understanding of what this means]]></body>
					<actions>
						<ac>
							<type>points</type>
							<operator>+</operator>
						</ac>
					</actions>
				</a>
			</answers>
		</q>
		<q type = "single select" info_box = "0" info_box_position = "0">
			<title><![CDATA[New question]]></title>
			<body><![CDATA[How do you feel about your medication?]]></body>
			<answers>
				<a>
					<body><![CDATA[I wish I didn’t take as many medicines as I do]]></body>
					<actions>
						<ac>
							<type>link</type>
							<value>474</value>
						</ac>
						<ac>
							<type>result</type>
							<value>833</value>
						</ac>
					</actions>
				</a>
				<a>
					<body><![CDATA[The medicines I take have significant side effects]]></body>
					<actions>
						<ac>
							<type>link</type>
							<value>474</value>
						</ac>
						<ac>
							<type>result</type>
							<value>834</value>
						</ac>
					</actions>
				</a>
				<a>
					<body><![CDATA[I have no problems with the medicines I take]]></body>
					<actions>
						<ac>
							<type>points</type>
							<operator>+</operator>
						</ac>
					</actions>
				</a>
			</answers>
		</q>
		<q type = "single select" info_box = "216" info_box_position = "0">
			<title><![CDATA[New question]]></title>
			<body><![CDATA[Have you agreed a care plan with your GP, nurse or care worker?]]></body>
			<answers>
				<a>
					<body><![CDATA[No]]></body>
					<actions>
						<ac>
							<type>link</type>
							<value>475</value>
						</ac>
						<ac>
							<type>result</type>
							<value>835</value>
						</ac>
					</actions>
				</a>
				<a>
					<body><![CDATA[Yes, but I don’t feel my care plan is working for me]]></body>
					<actions>
						<ac>
							<type>link</type>
							<value>476</value>
						</ac>
						<ac>
							<type>result</type>
							<value>836</value>
						</ac>
					</actions>
				</a>
				<a>
					<body><![CDATA[Yes, I’m happy with my care plan and the care I receive]]></body>
					<actions>
						<ac>
							<type>points</type>
							<operator>+</operator>
						</ac>
					</actions>
				</a>
			</answers>
		</q>
		<q type = "single select" info_box = "0" info_box_position = "0">
			<title><![CDATA[New question]]></title>
			<body><![CDATA[Do you know where to go for the information you need, such as finding out about how to manage your condition or what treatments might be right for you?]]></body>
			<answers>
				<a>
					<body><![CDATA[No, I’m not sure where to start]]></body>
					<actions>
						<ac>
							<type>link</type>
							<value>477</value>
						</ac>
						<ac>
							<type>result</type>
							<value>837</value>
						</ac>
					</actions>
				</a>
				<a>
					<body><![CDATA[Yes, I know where to go for the information I need]]></body>
					<actions>
						<ac>
							<type>link</type>
							<value>478</value>
						</ac>
						<ac>
							<type>result</type>
							<value>839</value>
						</ac>
					</actions>
				</a>
				<a>
					<body><![CDATA[I do know where to go for some things, but not everything]]></body>
					<actions>
						<ac>
							<type>link</type>
							<value>477</value>
						</ac>
						<ac>
							<type>result</type>
							<value>837</value>
						</ac>
					</actions>
				</a>
			</answers>
		</q>
		<q type = "single select" info_box = "217" info_box_position = "0">
			<title><![CDATA[New question]]></title>
			<body><![CDATA[Have you been offered training in managing and living with your condition?]]></body>
			<answers>
				<a>
					<body><![CDATA[No, I haven’t been offered training]]></body>
					<actions>
						<ac>
							<type>link</type>
							<value>479</value>
						</ac>
						<ac>
							<type>result</type>
							<value>838</value>
						</ac>
					</actions>
				</a>
				<a>
					<body><![CDATA[Yes, I have been for free NHS training]]></body>
					<actions>
						<ac>
							<type>link</type>
							<value>478</value>
						</ac>
						<ac>
							<type>result</type>
							<value>839</value>
						</ac>
					</actions>
				</a>
				<a>
					<body><![CDATA[Yes, but I don’t think that training is for me]]></body>
					<actions>
						<ac>
							<type>link</type>
							<value>479</value>
						</ac>
						<ac>
							<type>result</type>
							<value>845</value>
						</ac>
					</actions>
				</a>
			</answers>
		</q>
		<q type = "single select" info_box = "218" info_box_position = "0">
			<title><![CDATA[New question]]></title>
			<body><![CDATA[Have you been offered any equipment or aids to help you manage at home?]]></body>
			<answers>
				<a>
					<body><![CDATA[No, I don’t have any aids or equipment at home]]></body>
					<actions>
						<ac>
							<type>link</type>
							<value>480</value>
						</ac>
						<ac>
							<type>result</type>
							<value>840</value>
						</ac>
					</actions>
				</a>
				<a>
					<body><![CDATA[Yes, I already have some equipment to help me look after myself or my condition]]></body>
					<actions>
						<ac>
							<type>link</type>
							<value>480</value>
						</ac>
						<ac>
							<type>result</type>
							<value>841</value>
						</ac>
					</actions>
				</a>
				<a>
					<body><![CDATA[Yes, I’ve had a home assessment]]></body>
					<actions>
						<ac>
							<type>points</type>
							<operator>+</operator>
						</ac>
					</actions>
				</a>
			</answers>
		</q>
		<q type = "single select" info_box = "219" info_box_position = "0">
			<title><![CDATA[New question]]></title>
			<body><![CDATA[Do you know about any local or national patient groups where you can share experiences and tips?]]></body>
			<answers>
				<a>
					<body><![CDATA[No, I’m not aware of any local or national groups for people like me]]></body>
					<actions>
						<ac>
							<type>link</type>
							<value>481</value>
						</ac>
						<ac>
							<type>result</type>
							<value>842</value>
						</ac>
					</actions>
				</a>
				<a>
					<body><![CDATA[I’d like to meet other people like me but I don’t know where to start]]></body>
					<actions>
						<ac>
							<type>link</type>
							<value>481</value>
						</ac>
						<ac>
							<type>result</type>
							<value>843</value>
						</ac>
					</actions>
				</a>
				<a>
					<body><![CDATA[Yes, I am in touch with a local patient support group]]></body>
					<actions>
						<ac>
							<type>points</type>
							<operator>+</operator>
						</ac>
					</actions>
				</a>
			</answers>
		</q>
		<q type = "single select" info_box = "220" info_box_position = "0">
			<title><![CDATA[New question]]></title>
			<body><![CDATA[Are you struggling to make lifestyle changes like losing weight or stopping smoking?]]></body>
			<answers>
				<a>
					<body><![CDATA[I don’t think changing my lifestyle would make much difference to my health]]></body>
					<actions>
						<ac>
							<type>result</type>
							<value>844</value>
						</ac>
					</actions>
				</a>
				<a>
					<body><![CDATA[I want to change my lifestyle, as I know it would help my condition but I’m finding it difficult]]></body>
					<actions>
						<ac>
							<type>result</type>
							<value>844</value>
						</ac>
					</actions>
				</a>
				<a>
					<body><![CDATA[I’ve already made changes in my life, such as stopping smoking, and feel much better for it]]></body>
					<actions>
						<ac>
							<type>points</type>
							<operator>+</operator>
						</ac>
					</actions>
				</a>
			</answers>
		</q>
	</questions>
	<results>
		<ri type = "text" p1 = "" p2 = "" p3 = ""><![CDATA[Based on your responses you could:]]></ri>
		<ri type = "accumulated results" p1 = "" p2 = "" p3 = ""><![CDATA[]]></ri>
	</results>
	<links>
		<li type = "text" p1 = "" p2 = ""><![CDATA[Here are some links that you may find useful:]]></li>
		<li type = "accumulated links" p1 = "" p2 = ""><![CDATA[]]></li>
	</links>
	<result_items>
		<ri id = "832" priority = "0"><![CDATA[Ask your GP, nurse or careworker for more info on your condition]]></ri>
		<ri id = "833" priority = "0"><![CDATA[See your GP to review your medicines]]></ri>
		<ri id = "834" priority = "0"><![CDATA[See your pharmacist about taking your medicines]]></ri>
		<ri id = "835" priority = "0"><![CDATA[Talk to your GP, nurse or careworker about care plans]]></ri>
		<ri id = "836" priority = "0"><![CDATA[Review your care plan with your GP, nurse or care worker]]></ri>
		<ri id = "837" priority = "0"><![CDATA[Create your own information prescription]]></ri>
		<ri id = "839" priority = "0"><![CDATA[Consider being an expert patient or trainer]]></ri>
		<ri id = "838" priority = "0"><![CDATA[Speak to your GP, nurse or care worker about training]]></ri>
		<ri id = "845" priority = "0"><![CDATA[Consider the flexible training programmes]]></ri>
		<ri id = "840" priority = "0"><![CDATA[Ask your GP, nurse or care worker about equipment that could help]]></ri>
		<ri id = "841" priority = "0"><![CDATA[Arrange a home assessment through your GP, nurse or care worker]]></ri>
		<ri id = "842" priority = "0"><![CDATA[Ask your GP for details on patient groups]]></ri>
		<ri id = "843" priority = "0"><![CDATA[Ask your GP for details on patient groups]]></ri>
		<ri id = "844" priority = "0"><![CDATA[Ask your GP about lifestyle changes that could help]]></ri>
	</result_items>
	<link_items>
		<ri id = "473" url = "http://www.nhs.uk/Planners/Yourhealth/Pages/Yourhealth.aspx">
Living with a long-term condition		</ri>
		<ri id = "474" url = "http://www.nhs.uk/Planners/Yourhealth/Pages/Medicines.aspx">
Finding the right medication		</ri>
		<ri id = "475" url = "http://www.nhs.uk/Planners/Yourhealth/Pages/Careplan.aspx">
Creating a care plan		</ri>
		<ri id = "476" url = "http://www.nhs.uk/Planners/Yourhealth/Pages/Carereview.aspx">
Reviewing your care plan		</ri>
		<ri id = "477" url = "http://www.nhs.uk/Planners/Yourhealth/Pages/Information.aspx">
Read about information prescriptions		</ri>
		<ri id = "478" url = "http://www.expertpatients.co.uk/">
Training and the expert patient programme		</ri>
		<ri id = "479" url = "http://www.nhs.uk/Planners/Yourhealth/Pages/Takeacourse.aspx">
Find out about training		</ri>
		<ri id = "480" url = "http://www.nhs.uk/Planners/Yourhealth/Pages/Telecare.aspx">
Read more about equipment		</ri>
		<ri id = "481" url = "http://www.nhs.uk/Planners/Yourhealth/Pages/Talktoothers.aspx">
More about patient groups		</ri>
	</link_items>
	<qvars>
	</qvars>
	<info_boxes>
		<ib  id = "0">
			<title><![CDATA[]]></title>
			<body><![CDATA[]]></body>
			<name><![CDATA[]]></name>
		</ib>
		<ib  id = "215">
			<title><![CDATA[What is a long-term condition?]]></title>
			<body><![CDATA[<div>A long-term condition is one that can be treated and managed but not cured, so you are likely to have it for many years, even the rest of your life.</div>]]></body>
			<name><![CDATA[What is a long-term condition?]]></name>
		</ib>
		<ib  id = "216">
			<title><![CDATA[What a ‘care plan’ is]]></title>
			<body><![CDATA[<div>Everybody with a long-term condition can have a written care plan, agreed with their health or social care worker, to help manage their day-to-day health. Creating &nbsp;the care plan will involve a conversation with a health worker about the kind of support you might need and what’s available.</div>]]></body>
			<name><![CDATA[What a ‘care plan’ is]]></name>
		</ib>
		<ib  id = "217">
			<title><![CDATA[Find out what ‘training’ means]]></title>
			<body><![CDATA[<div>Skills and confidence training can help you live with and manage your condition more effectively. It’s also a good way to meet people with similar conditions and questions.</div>]]></body>
			<name><![CDATA[Find out what ‘training’ means]]></name>
		</ib>
		<ib  id = "218">
			<title><![CDATA[What kind of equipment?]]></title>
			<body><![CDATA[<div>Depending on your mobility and/or the condition you have, there are devices and equipment available on the NHS to help you at home. These range from nebulisers (for people who have trouble breathing), telehealth monitoring equipment to take your blood pressure and send your readings to a clinician, and gadgets such as stair rails to prevent a fall.</div>]]></body>
			<name><![CDATA[What kind of equipment?]]></name>
		</ib>
		<ib  id = "219">
			<title><![CDATA[Find out about patient groups]]></title>
			<body><![CDATA[<div>Meeting other people through a local or national support group can be a really good source of support and information. There are patient support networks for most long-term conditions. Your GP or Patient Advice and Liaison Service (PALS) is a good place to get more information on this kind of support.</div>]]></body>
			<name><![CDATA[Find out about patient groups]]></name>
		</ib>
		<ib  id = "220">
			<title><![CDATA[What ‘lifestyle changes’ mean]]></title>
			<body><![CDATA[<div>This means making changes in your everyday life like, such as giving up smoking, improving your diet or being more active.</div>]]></body>
			<name><![CDATA[What ‘lifestyle changes’ mean]]></name>
		</ib>
	</info_boxes>
	<videos>
	</videos>
</root>
