<?xml version="1.0" encoding="utf-8"?>
<root>
	<config>
		<id>42</id>		
		<title>Depression self-assessment</title>		
		<colour_1>3900AC|744CC5</colour_1>
		<colour_2>669900|9BC363</colour_2>
		<colour_3>669900|9BC363</colour_3>
		<intro_title><![CDATA[Could you be depressed?]]></intro_title>		
		<intro_copy><![CDATA[There are many symptoms of depression, including low mood, feelings of hopelessness, low self-esteem, lethargy and sleep&nbsp;problems.&nbsp;The more symptoms someone has, the more likely they are to be depressed.<br>This test will help you to assess whether you could be suffering from depression.&nbsp;Give answers based on how you've been feeling during<br>the&nbsp;last two weeks.<br>]]></intro_copy>		
		<intro_copy_alt><![CDATA[There are many symptoms of depression, including low mood, feelings of hopelessness, low self-esteem, lethargy and sleep&nbsp;problems.&nbsp;The more symptoms someone has, the more likely they are to be depressed.<br><br>This test will help you to assess whether you could be suffering from depression.&nbsp;Give answers based on how you've been feeling during&nbsp;the&nbsp;last two weeks.]]></intro_copy_alt>		
		<intro_foot><![CDATA[<i>Developed by Drs Robert L Spitzer, Janet BW Williams &amp; Kurt Kroenke with a grant from Pfizer Inc. Not intended to replace a consultation with a GP.&nbsp;</i><i>Used with permission.</i>]]></intro_foot>		
		<intro_graphic><![CDATA[depression.jpg]]></intro_graphic>		
		<intro_graphic_alt><![CDATA[depression.jpg]]></intro_graphic_alt>		
		<hr_intro_graphic_alt><![CDATA[depression.jpg]]></hr_intro_graphic_alt>		
		<intro_graphic_position><![CDATA[6]]></intro_graphic_position>		
		<intro_graphic_position_m><![CDATA[7]]></intro_graphic_position_m>		
		<dimensions_f>362x376</dimensions_f>		
		<dimensions_j>362x376</dimensions_j>		
		<print_title>Your checklist</print_title>		
		<reporting>0</reporting>		
		<syndication_footer>0</syndication_footer>		
		<img_alt>depression</img_alt>		
		<js_body_w>100%</js_body_w>		
		<js_body_top>1em</js_body_top>		
		<js_body_left>0em</js_body_left>		
		<quiz>0</quiz>		
	</config>
	<questions>
		<q type = "single select" info_box = "0" info_box_position = "0">
			<title><![CDATA[New question]]></title>
			<body><![CDATA[Have you found little pleasure or interest in doing things?]]></body>
			<quiz_summary><![CDATA[]]></quiz_summary>
			<quiz_answer><![CDATA[]]></quiz_answer>
			<quiz_check><![CDATA[]]></quiz_check>
			<quiz_active>0</quiz_active>
			<answers>
				<a>
					<body><![CDATA[No, not at all]]></body>
					<actions>
						<ac>
							<type><![CDATA[points]]></type>
							<operator><![CDATA[+]]></operator>
							<value><![CDATA[0]]></value>
						</ac>
					</actions>
				</a>
				<a>
					<body><![CDATA[On some days]]></body>
					<actions>
						<ac>
							<type><![CDATA[points]]></type>
							<operator><![CDATA[+]]></operator>
							<value><![CDATA[1]]></value>
						</ac>
					</actions>
				</a>
				<a>
					<body><![CDATA[On more than half the days]]></body>
					<actions>
						<ac>
							<type><![CDATA[points]]></type>
							<operator><![CDATA[+]]></operator>
							<value><![CDATA[2]]></value>
						</ac>
					</actions>
				</a>
				<a>
					<body><![CDATA[Nearly every day]]></body>
					<actions>
						<ac>
							<type><![CDATA[points]]></type>
							<operator><![CDATA[+]]></operator>
							<value><![CDATA[3]]></value>
						</ac>
					</actions>
				</a>
			</answers>
		</q>
		<q type = "single select" info_box = "0" info_box_position = "0">
			<title><![CDATA[New question]]></title>
			<body><![CDATA[Have you found yourself feeling down, depressed or hopeless?&nbsp;]]></body>
			<quiz_summary><![CDATA[]]></quiz_summary>
			<quiz_answer><![CDATA[]]></quiz_answer>
			<quiz_check><![CDATA[]]></quiz_check>
			<quiz_active>0</quiz_active>
			<answers>
				<a>
					<body><![CDATA[No, not at all]]></body>
					<actions>
						<ac>
							<type><![CDATA[points]]></type>
							<operator><![CDATA[+]]></operator>
							<value><![CDATA[0]]></value>
						</ac>
					</actions>
				</a>
				<a>
					<body><![CDATA[On some days]]></body>
					<actions>
						<ac>
							<type><![CDATA[points]]></type>
							<operator><![CDATA[+]]></operator>
							<value><![CDATA[1]]></value>
						</ac>
					</actions>
				</a>
				<a>
					<body><![CDATA[On more than half the days]]></body>
					<actions>
						<ac>
							<type><![CDATA[points]]></type>
							<operator><![CDATA[+]]></operator>
							<value><![CDATA[2]]></value>
						</ac>
					</actions>
				</a>
				<a>
					<body><![CDATA[Nearly every day]]></body>
					<actions>
						<ac>
							<type><![CDATA[points]]></type>
							<operator><![CDATA[+]]></operator>
							<value><![CDATA[3]]></value>
						</ac>
					</actions>
				</a>
			</answers>
		</q>
		<q type = "single select" info_box = "0" info_box_position = "0">
			<title><![CDATA[New question]]></title>
			<body><![CDATA[Have you had trouble falling or staying asleep, or sleeping too much?]]></body>
			<quiz_summary><![CDATA[]]></quiz_summary>
			<quiz_answer><![CDATA[]]></quiz_answer>
			<quiz_check><![CDATA[]]></quiz_check>
			<quiz_active>0</quiz_active>
			<answers>
				<a>
					<body><![CDATA[No, not at all]]></body>
					<actions>
						<ac>
							<type><![CDATA[points]]></type>
							<operator><![CDATA[+]]></operator>
							<value><![CDATA[0]]></value>
						</ac>
					</actions>
				</a>
				<a>
					<body><![CDATA[On some days]]></body>
					<actions>
						<ac>
							<type><![CDATA[points]]></type>
							<operator><![CDATA[+]]></operator>
							<value><![CDATA[1]]></value>
						</ac>
					</actions>
				</a>
				<a>
					<body><![CDATA[On more than half the days]]></body>
					<actions>
						<ac>
							<type><![CDATA[points]]></type>
							<operator><![CDATA[+]]></operator>
							<value><![CDATA[2]]></value>
						</ac>
					</actions>
				</a>
				<a>
					<body><![CDATA[Nearly every day]]></body>
					<actions>
						<ac>
							<type><![CDATA[points]]></type>
							<operator><![CDATA[+]]></operator>
							<value><![CDATA[3]]></value>
						</ac>
					</actions>
				</a>
			</answers>
		</q>
		<q type = "single select" info_box = "0" info_box_position = "0">
			<title><![CDATA[New question]]></title>
			<body><![CDATA[Have you been feeling tired or had little energy?]]></body>
			<quiz_summary><![CDATA[]]></quiz_summary>
			<quiz_answer><![CDATA[]]></quiz_answer>
			<quiz_check><![CDATA[]]></quiz_check>
			<quiz_active>0</quiz_active>
			<answers>
				<a>
					<body><![CDATA[No, not at all]]></body>
					<actions>
						<ac>
							<type><![CDATA[points]]></type>
							<operator><![CDATA[+]]></operator>
							<value><![CDATA[0]]></value>
						</ac>
					</actions>
				</a>
				<a>
					<body><![CDATA[On some days]]></body>
					<actions>
						<ac>
							<type><![CDATA[points]]></type>
							<operator><![CDATA[+]]></operator>
							<value><![CDATA[1]]></value>
						</ac>
					</actions>
				</a>
				<a>
					<body><![CDATA[On more than half the days]]></body>
					<actions>
						<ac>
							<type><![CDATA[points]]></type>
							<operator><![CDATA[+]]></operator>
							<value><![CDATA[2]]></value>
						</ac>
					</actions>
				</a>
				<a>
					<body><![CDATA[Nearly every day]]></body>
					<actions>
						<ac>
							<type><![CDATA[points]]></type>
							<operator><![CDATA[+]]></operator>
							<value><![CDATA[3]]></value>
						</ac>
					</actions>
				</a>
			</answers>
		</q>
		<q type = "single select" info_box = "0" info_box_position = "0">
			<title><![CDATA[New question]]></title>
			<body><![CDATA[Have you had a poor appetite or been overeating?]]></body>
			<quiz_summary><![CDATA[]]></quiz_summary>
			<quiz_answer><![CDATA[]]></quiz_answer>
			<quiz_check><![CDATA[]]></quiz_check>
			<quiz_active>0</quiz_active>
			<answers>
				<a>
					<body><![CDATA[No, not at all]]></body>
					<actions>
						<ac>
							<type><![CDATA[points]]></type>
							<operator><![CDATA[+]]></operator>
							<value><![CDATA[0]]></value>
						</ac>
					</actions>
				</a>
				<a>
					<body><![CDATA[On some days]]></body>
					<actions>
						<ac>
							<type><![CDATA[points]]></type>
							<operator><![CDATA[+]]></operator>
							<value><![CDATA[1]]></value>
						</ac>
					</actions>
				</a>
				<a>
					<body><![CDATA[On more than half the days]]></body>
					<actions>
						<ac>
							<type><![CDATA[points]]></type>
							<operator><![CDATA[+]]></operator>
							<value><![CDATA[2]]></value>
						</ac>
					</actions>
				</a>
				<a>
					<body><![CDATA[Nearly every day]]></body>
					<actions>
						<ac>
							<type><![CDATA[points]]></type>
							<operator><![CDATA[+]]></operator>
							<value><![CDATA[3]]></value>
						</ac>
					</actions>
				</a>
			</answers>
		</q>
		<q type = "single select" info_box = "0" info_box_position = "0">
			<title><![CDATA[New question]]></title>
			<body><![CDATA[Have you felt that you're a failure or let yourself or your family down?]]></body>
			<quiz_summary><![CDATA[]]></quiz_summary>
			<quiz_answer><![CDATA[]]></quiz_answer>
			<quiz_check><![CDATA[]]></quiz_check>
			<quiz_active>0</quiz_active>
			<answers>
				<a>
					<body><![CDATA[No, not at all]]></body>
					<actions>
						<ac>
							<type><![CDATA[points]]></type>
							<operator><![CDATA[+]]></operator>
							<value><![CDATA[0]]></value>
						</ac>
					</actions>
				</a>
				<a>
					<body><![CDATA[On some days]]></body>
					<actions>
						<ac>
							<type><![CDATA[points]]></type>
							<operator><![CDATA[+]]></operator>
							<value><![CDATA[1]]></value>
						</ac>
					</actions>
				</a>
				<a>
					<body><![CDATA[On more than half the days]]></body>
					<actions>
						<ac>
							<type><![CDATA[points]]></type>
							<operator><![CDATA[+]]></operator>
							<value><![CDATA[2]]></value>
						</ac>
					</actions>
				</a>
				<a>
					<body><![CDATA[Nearly every day]]></body>
					<actions>
						<ac>
							<type><![CDATA[points]]></type>
							<operator><![CDATA[+]]></operator>
							<value><![CDATA[3]]></value>
						</ac>
					</actions>
				</a>
			</answers>
		</q>
		<q type = "single select" info_box = "0" info_box_position = "0">
			<title><![CDATA[New question]]></title>
			<body><![CDATA[Have you had some trouble concentrating on things like reading the paper or watching TV?]]></body>
			<quiz_summary><![CDATA[]]></quiz_summary>
			<quiz_answer><![CDATA[]]></quiz_answer>
			<quiz_check><![CDATA[]]></quiz_check>
			<quiz_active>0</quiz_active>
			<answers>
				<a>
					<body><![CDATA[No, not at all]]></body>
					<actions>
						<ac>
							<type><![CDATA[points]]></type>
							<operator><![CDATA[+]]></operator>
							<value><![CDATA[0]]></value>
						</ac>
					</actions>
				</a>
				<a>
					<body><![CDATA[On some days]]></body>
					<actions>
						<ac>
							<type><![CDATA[points]]></type>
							<operator><![CDATA[+]]></operator>
							<value><![CDATA[1]]></value>
						</ac>
					</actions>
				</a>
				<a>
					<body><![CDATA[On more than half the days]]></body>
					<actions>
						<ac>
							<type><![CDATA[points]]></type>
							<operator><![CDATA[+]]></operator>
							<value><![CDATA[2]]></value>
						</ac>
					</actions>
				</a>
				<a>
					<body><![CDATA[Nearly every day]]></body>
					<actions>
						<ac>
							<type><![CDATA[points]]></type>
							<operator><![CDATA[+]]></operator>
							<value><![CDATA[3]]></value>
						</ac>
					</actions>
				</a>
			</answers>
		</q>
		<q type = "single select" info_box = "0" info_box_position = "0">
			<title><![CDATA[New question]]></title>
			<body><![CDATA[Have you been moving or speaking slowly, or been very fidgety, so that other people could notice?]]></body>
			<quiz_summary><![CDATA[]]></quiz_summary>
			<quiz_answer><![CDATA[]]></quiz_answer>
			<quiz_check><![CDATA[]]></quiz_check>
			<quiz_active>0</quiz_active>
			<answers>
				<a>
					<body><![CDATA[No, not at all]]></body>
					<actions>
						<ac>
							<type><![CDATA[points]]></type>
							<operator><![CDATA[+]]></operator>
							<value><![CDATA[0]]></value>
						</ac>
					</actions>
				</a>
				<a>
					<body><![CDATA[On some days]]></body>
					<actions>
						<ac>
							<type><![CDATA[points]]></type>
							<operator><![CDATA[+]]></operator>
							<value><![CDATA[1]]></value>
						</ac>
					</actions>
				</a>
				<a>
					<body><![CDATA[On more than half the days]]></body>
					<actions>
						<ac>
							<type><![CDATA[points]]></type>
							<operator><![CDATA[+]]></operator>
							<value><![CDATA[2]]></value>
						</ac>
					</actions>
				</a>
				<a>
					<body><![CDATA[Nearly every day]]></body>
					<actions>
						<ac>
							<type><![CDATA[points]]></type>
							<operator><![CDATA[+]]></operator>
							<value><![CDATA[3]]></value>
						</ac>
					</actions>
				</a>
			</answers>
		</q>
		<q type = "single select" info_box = "160" info_box_position = "0">
			<title><![CDATA[New question]]></title>
			<body><![CDATA[Have you thought that you'd be better off dead or hurting yourself in some way?]]></body>
			<quiz_summary><![CDATA[]]></quiz_summary>
			<quiz_answer><![CDATA[]]></quiz_answer>
			<quiz_check><![CDATA[]]></quiz_check>
			<quiz_active>0</quiz_active>
			<answers>
				<a>
					<body><![CDATA[No, not at all]]></body>
					<actions>
						<ac>
							<type><![CDATA[points]]></type>
							<operator><![CDATA[+]]></operator>
							<value><![CDATA[0]]></value>
						</ac>
					</actions>
				</a>
				<a>
					<body><![CDATA[On some days]]></body>
					<actions>
						<ac>
							<type><![CDATA[points]]></type>
							<operator><![CDATA[+]]></operator>
							<value><![CDATA[1]]></value>
						</ac>
						<ac>
							<type><![CDATA[result]]></type>
							<value><![CDATA[644]]></value>
						</ac>
					</actions>
				</a>
				<a>
					<body><![CDATA[On more than half the days]]></body>
					<actions>
						<ac>
							<type><![CDATA[points]]></type>
							<operator><![CDATA[+]]></operator>
							<value><![CDATA[2]]></value>
						</ac>
						<ac>
							<type><![CDATA[result]]></type>
							<value><![CDATA[644]]></value>
						</ac>
					</actions>
				</a>
				<a>
					<body><![CDATA[Nearly every day]]></body>
					<actions>
						<ac>
							<type><![CDATA[points]]></type>
							<operator><![CDATA[+]]></operator>
							<value><![CDATA[3]]></value>
						</ac>
						<ac>
							<type><![CDATA[result]]></type>
							<value><![CDATA[644]]></value>
						</ac>
					</actions>
				</a>
			</answers>
		</q>
	</questions>
	<results>
		<ri type = "progress bar" p1 = "0" p2 = "27" p3 = "Points"><![CDATA[Depression severity rating]]></ri>
		<ri type = "accumulated results" p1 = "" p2 = "50" p3 = ""><![CDATA[]]></ri>
		<ri type = "points triggered result" p1 = "0" p2 = "10" p3 = ""><![CDATA[<div>Based on your responses today it's unlikely you're suffering from depression.</div><div><br></div><div>While it's unlikely that you have depression, if you have any concerns about your health or mood, please call NHS 111 or arrange to speak to your GP.</div><div><br></div><div>More information on depression, and its causes, can be found by following the link at the bottom of this tool.</div>]]></ri>
		<ri type = "points triggered result" p1 = "10" p2 = "50" p3 = ""><![CDATA[<div>Based on your responses today it's very likely that you could be suffering from some form of depression but only an experienced health professional can tell for sure.</div><div><br></div><div>You should make an appointment to see your GP as soon as possible or call NHS 111. They will be able to help you and offer some form of treatment.</div><div><br></div><div>Most people with depression improve with good care, which may include changes you can make to your life, talk therapy and medication.</div>]]></ri>
	</results>
	<links>
		<li type = "obligatory link" p1 = "" p2 = ""><![CDATA[347]]></li>
		<li type = "obligatory link" p1 = "" p2 = ""><![CDATA[348]]></li>
		<li type = "obligatory link" p1 = "" p2 = ""><![CDATA[349]]></li>
		<li type = "obligatory link" p1 = "" p2 = ""><![CDATA[350]]></li>
		<li type = "obligatory link" p1 = "" p2 = ""><![CDATA[351]]></li>
		<li type = "obligatory link" p1 = "" p2 = ""><![CDATA[352]]></li>
		<li type = "obligatory video" p1 = "" p2 = ""><![CDATA[746897728001]]></li>
		<li type = "obligatory video" p1 = "" p2 = ""><![CDATA[746868480001]]></li>
	</links>
	<result_items>
		<ri id = "644" priority = "1"><![CDATA[If you have had thoughts of self-harming or are feeling suicidal contact someone immediately such as your GP, a friend, a relative or someone you can trust. If you have already taken an overdose or cut yourself badly, dial 999.
There are helplines with specially trained volunteers who'll listen to you, understand what you're going through, and help you through the immediate crisis. The Samaritans operate a service open 24 hours a day, 365 days a year, for people who want to talk in confidence. Call 08457 909090.]]></ri>
	</result_items>
	<link_items>
		<ri id = "347" url = "http://www.nhs.uk/Conditions/Depression/Pages/Introduction.aspx"><![CDATA[Understanding depression]]></ri>		<ri id = "348" url = "http://www.nhs.uk/Livewell/Depression/Pages/Depressionexercise.aspx"><![CDATA[How exercise can help with depression]]></ri>		<ri id = "349" url = "http://www.nhs.uk/Livewell/mental-wellbeing/Pages/five-ways-mental-wellbeing.aspx"><![CDATA[Five ways to mental wellbeing]]></ri>		<ri id = "350" url = "http://www.nhs.uk/livewell/counselling/pages/accesstotherapy.aspx"><![CDATA[Access to psychological therapies]]></ri>		<ri id = "351" url = "http://www.nhs.uk/Livewell/Depression/Pages/Depressionselfhelpgroups.aspx"><![CDATA[Self-help groups for support]]></ri>		<ri id = "352" url = "http://www.nhs.uk/Video/Pages/low-mood-and-depression-podcast.aspx"><![CDATA[Try the Moodzone audio guide to depression]]></ri>	</link_items>
	<qvars>
	</qvars>
	<info_boxes>
		<ib  id = "0">
			<title><![CDATA[]]></title>
			<body><![CDATA[]]></body>
			<name><![CDATA[]]></name>
		</ib>
		<ib  id = "160">
			<title><![CDATA[More on suicidal thoughts]]></title>
			<body><![CDATA[<div>If you have had thoughts of self-harming or are feeling suicidal contact someone immediately. You can:</div><div><br></div><div>• See your GP or the out-of-hours GP service. If you have already taken an overdose or cut yourself badly, dial 999.</div><div>• Call a helpline with specially trained volunteers who'll listen to you, understand what you're going through, and help you through the immediate crisis.</div><div>• Contact a friend, family or someone you trust.</div><div>&nbsp;</div><div>The Samaritans operate a service 24 hours a day, 365 days a year, for people who want to talk in confidence. Call 08457 909090.</div><div><br></div>]]></body>
			<name><![CDATA[More on suicidal thoughts]]></name>
		</ib>
	</info_boxes>
	<videos>
			<v>746897728001</v>			<v>746868480001</v>	</videos>
</root>
