<?xml version="1.0" encoding="utf-8"?>
<root>
	<config>
		<id>45</id>		
		<title>Home hygiene self-assessment</title>		
		<colour_1>669900|9BC363</colour_1>
		<colour_2>990000|DD645F</colour_2>
		<colour_3>FF6600|FF9800</colour_3>
		<intro_title><![CDATA[How's your hygiene?]]></intro_title>		
		<intro_copy><![CDATA[Research has shown that two-thirds of Britons don’t follow basic home hygiene.<br><br>This can lead to the spread of germs which, in turn, can cause infectious diseases.<br>
<br>Could your home be putting your health at risk?&nbsp;Use this test to find out more and improve your knowledge of tackling germ hotspots.]]></intro_copy>		
		<intro_copy_alt><![CDATA[Research has shown that two-thirds of Britons don’t follow basic home hygiene.<br><br>This can lead to the spread of germs which, in turn, can cause infectious diseases.<br><br>Could your home be putting your health at risk?&nbsp;Use this test to find out more and improve your knowledge of tackling germ hotspots.]]></intro_copy_alt>		
		<intro_foot><![CDATA[<br>]]></intro_foot>		
		<intro_graphic><![CDATA[_hygiene.swf]]></intro_graphic>		
		<intro_graphic_alt><![CDATA[hygiene_2.png]]></intro_graphic_alt>		
		<hr_intro_graphic_alt><![CDATA[hygiene_2.png]]></hr_intro_graphic_alt>		
		<intro_graphic_position><![CDATA[6]]></intro_graphic_position>		
		<intro_graphic_position_m><![CDATA[7]]></intro_graphic_position_m>		
		<dimensions_f>362x490</dimensions_f>		
		<dimensions_j>362x490</dimensions_j>		
		<print_title>Your checklist</print_title>		
		<reporting>0</reporting>		
		<syndication_footer>0</syndication_footer>		
		<img_alt>Home hygiene</img_alt>		
		<js_body_w>100%</js_body_w>		
		<js_body_top>1em</js_body_top>		
		<js_body_left>0em</js_body_left>		
	</config>
	<questions>
		<q type = "single select" info_box = "85" info_box_position = "0">
			<title><![CDATA[New question]]></title>
			<body><![CDATA[When do you wash your hands?]]></body>
			<answers>
				<a>
					<body><![CDATA[Regularly - particularly after using the toilet or changing the baby's nappy, and before and after preparing food]]></body>
					<actions>
						<ac>
							<type><![CDATA[points]]></type>
							<operator><![CDATA[+]]></operator>
							<value><![CDATA[3]]></value>
						</ac>
					</actions>
				</a>
				<a>
					<body><![CDATA[Before and after handling raw food - but not always after using the toilet]]></body>
					<actions>
						<ac>
							<type><![CDATA[points]]></type>
							<operator><![CDATA[+]]></operator>
							<value><![CDATA[2]]></value>
						</ac>
						<ac>
							<type><![CDATA[result]]></type>
							<value><![CDATA[692]]></value>
						</ac>
					</actions>
				</a>
				<a>
					<body><![CDATA[Once or twice a day - when they look dirty]]></body>
					<actions>
						<ac>
							<type><![CDATA[points]]></type>
							<operator><![CDATA[+]]></operator>
							<value><![CDATA[1]]></value>
						</ac>
						<ac>
							<type><![CDATA[result]]></type>
							<value><![CDATA[692]]></value>
						</ac>
					</actions>
				</a>
				<a>
					<body><![CDATA[Hardly ever]]></body>
					<actions>
						<ac>
							<type><![CDATA[points]]></type>
							<operator><![CDATA[+]]></operator>
							<value><![CDATA[0]]></value>
						</ac>
						<ac>
							<type><![CDATA[result]]></type>
							<value><![CDATA[692]]></value>
						</ac>
					</actions>
				</a>
			</answers>
		</q>
		<q type = "single select" info_box = "173" info_box_position = "0">
			<title><![CDATA[New question]]></title>
			<body><![CDATA[&nbsp;What do you do when you sneeze?]]></body>
			<answers>
				<a>
					<body><![CDATA[Cover your mouth with a tissue, immediately dispose of the tissue safely and then wash your hands



]]></body>
					<actions>
						<ac>
							<type><![CDATA[points]]></type>
							<operator><![CDATA[+]]></operator>
							<value><![CDATA[3]]></value>
						</ac>
					</actions>
				</a>
				<a>
					<body><![CDATA[Cover your mouth with a tissue, immediately dispose of the tissue safely but forget to wash your hands]]></body>
					<actions>
						<ac>
							<type><![CDATA[points]]></type>
							<operator><![CDATA[+]]></operator>
							<value><![CDATA[1]]></value>
						</ac>
						<ac>
							<type><![CDATA[result]]></type>
							<value><![CDATA[707]]></value>
						</ac>
					</actions>
				</a>
				<a>
					<body><![CDATA[Cover your mouth with a tissue, and then leave the tissue lying around for someone else to pick up]]></body>
					<actions>
						<ac>
							<type><![CDATA[points]]></type>
							<operator><![CDATA[+]]></operator>
							<value><![CDATA[1]]></value>
						</ac>
						<ac>
							<type><![CDATA[result]]></type>
							<value><![CDATA[707]]></value>
						</ac>
					</actions>
				</a>
				<a>
					<body><![CDATA[Don't bother to cover your mouth when you sneeze]]></body>
					<actions>
						<ac>
							<type><![CDATA[points]]></type>
							<operator><![CDATA[+]]></operator>
							<value><![CDATA[0]]></value>
						</ac>
						<ac>
							<type><![CDATA[result]]></type>
							<value><![CDATA[707]]></value>
						</ac>
					</actions>
				</a>
			</answers>
		</q>
		<q type = "single select" info_box = "165" info_box_position = "0">
			<title><![CDATA[New question]]></title>
			<body><![CDATA[How do you clean your toilet?]]></body>
			<answers>
				<a>
					<body><![CDATA[Disinfect the flush handle, seat and rim every day and use a lavatory cleaner and brush every few days]]></body>
					<actions>
						<ac>
							<type><![CDATA[points]]></type>
							<operator><![CDATA[+]]></operator>
							<value><![CDATA[3]]></value>
						</ac>
					</actions>
				</a>
				<a>
					<body><![CDATA[Use a brush and lavatory cleaner every month or so]]></body>
					<actions>
						<ac>
							<type><![CDATA[points]]></type>
							<operator><![CDATA[+]]></operator>
							<value><![CDATA[1]]></value>
						</ac>
						<ac>
							<type><![CDATA[result]]></type>
							<value><![CDATA[693]]></value>
						</ac>
					</actions>
				</a>
				<a>
					<body><![CDATA[Don't bother with lavatory cleaner and just have a quick scrub when the toilet looks dirty]]></body>
					<actions>
						<ac>
							<type><![CDATA[points]]></type>
							<operator><![CDATA[+]]></operator>
							<value><![CDATA[1]]></value>
						</ac>
						<ac>
							<type><![CDATA[result]]></type>
							<value><![CDATA[693]]></value>
						</ac>
					</actions>
				</a>
				<a>
					<body><![CDATA[Never clean it]]></body>
					<actions>
						<ac>
							<type><![CDATA[points]]></type>
							<operator><![CDATA[+]]></operator>
							<value><![CDATA[0]]></value>
						</ac>
						<ac>
							<type><![CDATA[result]]></type>
							<value><![CDATA[693]]></value>
						</ac>
					</actions>
				</a>
			</answers>
		</q>
		<q type = "single select" info_box = "0" info_box_position = "0">
			<title><![CDATA[New question]]></title>
			<body><![CDATA[When you have finished cleaning the bathroom and toilet, do you:]]></body>
			<answers>
				<a>
					<body><![CDATA[Rinse out the cloth, disinfect it and leave it out to dry]]></body>
					<actions>
						<ac>
							<type><![CDATA[points]]></type>
							<operator><![CDATA[+]]></operator>
							<value><![CDATA[3]]></value>
						</ac>
					</actions>
				</a>
				<a>
					<body><![CDATA[Fold the cloth and place it in the bathroom cupboard]]></body>
					<actions>
						<ac>
							<type><![CDATA[points]]></type>
							<operator><![CDATA[+]]></operator>
							<value><![CDATA[2]]></value>
						</ac>
						<ac>
							<type><![CDATA[result]]></type>
							<value><![CDATA[694]]></value>
						</ac>
					</actions>
				</a>
				<a>
					<body><![CDATA[Leave the cloth in a wet heap by the loo]]></body>
					<actions>
						<ac>
							<type><![CDATA[points]]></type>
							<operator><![CDATA[+]]></operator>
							<value><![CDATA[1]]></value>
						</ac>
						<ac>
							<type><![CDATA[result]]></type>
							<value><![CDATA[694]]></value>
						</ac>
					</actions>
				</a>
				<a>
					<body><![CDATA[Take the cloth back to the kitchen and use it on kitchen surfaces]]></body>
					<actions>
						<ac>
							<type><![CDATA[points]]></type>
							<operator><![CDATA[+]]></operator>
							<value><![CDATA[0]]></value>
						</ac>
						<ac>
							<type><![CDATA[result]]></type>
							<value><![CDATA[694]]></value>
						</ac>
					</actions>
				</a>
			</answers>
		</q>
		<q type = "single select" info_box = "166" info_box_position = "0">
			<title><![CDATA[New question]]></title>
			<body><![CDATA[When you wash the dishes, do you:]]></body>
			<answers>
				<a>
					<body><![CDATA[Not use a washing up bowl but wash the dishes under running water]]></body>
					<actions>
						<ac>
							<type><![CDATA[points]]></type>
							<operator><![CDATA[+]]></operator>
							<value><![CDATA[3]]></value>
						</ac>
					</actions>
				</a>
				<a>
					<body><![CDATA[First wash the chopping board and utensils used to prepare raw foods, then replace the water before washing cups and plates]]></body>
					<actions>
						<ac>
							<type><![CDATA[points]]></type>
							<operator><![CDATA[+]]></operator>
							<value><![CDATA[3]]></value>
						</ac>
					</actions>
				</a>
				<a>
					<body><![CDATA[Use the same water for everything]]></body>
					<actions>
						<ac>
							<type><![CDATA[points]]></type>
							<operator><![CDATA[+]]></operator>
							<value><![CDATA[1]]></value>
						</ac>
						<ac>
							<type><![CDATA[result]]></type>
							<value><![CDATA[695]]></value>
						</ac>
					</actions>
				</a>
			</answers>
		</q>
		<q type = "single select" info_box = "167" info_box_position = "0">
			<title><![CDATA[New question]]></title>
			<body><![CDATA[When you prepare raw meat, do you:]]></body>
			<answers>
				<a>
					<body><![CDATA[Immediately clean surfaces, utensils and wash your hands before preparing any other food
]]></body>
					<actions>
						<ac>
							<type><![CDATA[points]]></type>
							<operator><![CDATA[+]]></operator>
							<value><![CDATA[3]]></value>
						</ac>
					</actions>
				</a>
				<a>
					<body><![CDATA[Use a different board for the other ingredients]]></body>
					<actions>
						<ac>
							<type><![CDATA[points]]></type>
							<operator><![CDATA[+]]></operator>
							<value><![CDATA[2]]></value>
						</ac>
						<ac>
							<type><![CDATA[result]]></type>
							<value><![CDATA[696]]></value>
						</ac>
					</actions>
				</a>
				<a>
					<body><![CDATA[Prepare all the food using the same chopping board and utensils]]></body>
					<actions>
						<ac>
							<type><![CDATA[points]]></type>
							<operator><![CDATA[+]]></operator>
							<value><![CDATA[1]]></value>
						</ac>
						<ac>
							<type><![CDATA[result]]></type>
							<value><![CDATA[697]]></value>
						</ac>
					</actions>
				</a>
			</answers>
		</q>
		<q type = "single select" info_box = "0" info_box_position = "0">
			<title><![CDATA[New question]]></title>
			<body><![CDATA[<span style="font-size: 12px;">How often do you launder the tea towel?]]></body>
			<answers>
				<a>
					<body><![CDATA[Daily]]></body>
					<actions>
						<ac>
							<type><![CDATA[points]]></type>
							<operator><![CDATA[+]]></operator>
							<value><![CDATA[3]]></value>
						</ac>
					</actions>
				</a>
				<a>
					<body><![CDATA[Weekly]]></body>
					<actions>
						<ac>
							<type><![CDATA[points]]></type>
							<operator><![CDATA[+]]></operator>
							<value><![CDATA[2]]></value>
						</ac>
						<ac>
							<type><![CDATA[result]]></type>
							<value><![CDATA[698]]></value>
						</ac>
					</actions>
				</a>
				<a>
					<body><![CDATA[Monthly]]></body>
					<actions>
						<ac>
							<type><![CDATA[points]]></type>
							<operator><![CDATA[+]]></operator>
							<value><![CDATA[1]]></value>
						</ac>
						<ac>
							<type><![CDATA[result]]></type>
							<value><![CDATA[698]]></value>
						</ac>
					</actions>
				</a>
				<a>
					<body><![CDATA[Yearly]]></body>
					<actions>
						<ac>
							<type><![CDATA[points]]></type>
							<operator><![CDATA[+]]></operator>
							<value><![CDATA[0]]></value>
						</ac>
						<ac>
							<type><![CDATA[result]]></type>
							<value><![CDATA[698]]></value>
						</ac>
					</actions>
				</a>
			</answers>
		</q>
		<q type = "single select" info_box = "168" info_box_position = "0">
			<title><![CDATA[New question]]></title>
			<body><![CDATA[When do you disinfect the kitchen sink sponge, brush or cloth?]]></body>
			<answers>
				<a>
					<body><![CDATA[After each use]]></body>
					<actions>
						<ac>
							<type><![CDATA[points]]></type>
							<operator><![CDATA[+]]></operator>
							<value><![CDATA[3]]></value>
						</ac>
					</actions>
				</a>
				<a>
					<body><![CDATA[Daily]]></body>
					<actions>
						<ac>
							<type><![CDATA[points]]></type>
							<operator><![CDATA[+]]></operator>
							<value><![CDATA[2]]></value>
						</ac>
						<ac>
							<type><![CDATA[result]]></type>
							<value><![CDATA[699]]></value>
						</ac>
					</actions>
				</a>
				<a>
					<body><![CDATA[Once a week]]></body>
					<actions>
						<ac>
							<type><![CDATA[points]]></type>
							<operator><![CDATA[+]]></operator>
							<value><![CDATA[1]]></value>
						</ac>
						<ac>
							<type><![CDATA[result]]></type>
							<value><![CDATA[699]]></value>
						</ac>
					</actions>
				</a>
				<a>
					<body><![CDATA[Once a month]]></body>
					<actions>
						<ac>
							<type><![CDATA[points]]></type>
							<operator><![CDATA[+]]></operator>
							<value><![CDATA[0]]></value>
						</ac>
						<ac>
							<type><![CDATA[result]]></type>
							<value><![CDATA[699]]></value>
						</ac>
					</actions>
				</a>
			</answers>
		</q>
		<q type = "single select" info_box = "169" info_box_position = "0">
			<title><![CDATA[New question]]></title>
			<body><![CDATA[When it comes to the washing machine, do you:]]></body>
			<answers>
				<a>
					<body><![CDATA[Wash sheets, towels and underwear at 60C or 40C with a bleach-based laundry product]]></body>
					<actions>
						<ac>
							<type><![CDATA[points]]></type>
							<operator><![CDATA[+]]></operator>
							<value><![CDATA[3]]></value>
						</ac>
						<ac>
							<type><![CDATA[result]]></type>
							<value><![CDATA[700]]></value>
						</ac>
					</actions>
				</a>
				<a>
					<body><![CDATA[Bung it all in at 40C and with whatever detergent is in the cupboard]]></body>
					<actions>
						<ac>
							<type><![CDATA[points]]></type>
							<operator><![CDATA[+]]></operator>
							<value><![CDATA[2]]></value>
						</ac>
						<ac>
							<type><![CDATA[result]]></type>
							<value><![CDATA[701]]></value>
						</ac>
					</actions>
				</a>
				<a>
					<body><![CDATA[Often forget and leave laundry in the drum]]></body>
					<actions>
						<ac>
							<type><![CDATA[points]]></type>
							<operator><![CDATA[+]]></operator>
							<value><![CDATA[1]]></value>
						</ac>
						<ac>
							<type><![CDATA[result]]></type>
							<value><![CDATA[702]]></value>
						</ac>
					</actions>
				</a>
				<a>
					<body><![CDATA[Use the launderette]]></body>
					<actions>
						<ac>
							<type><![CDATA[points]]></type>
							<operator><![CDATA[+]]></operator>
							<value><![CDATA[1]]></value>
						</ac>
						<ac>
							<type><![CDATA[result]]></type>
							<value><![CDATA[706]]></value>
						</ac>
					</actions>
				</a>
			</answers>
		</q>
		<q type = "single select" info_box = "171" info_box_position = "0">
			<title><![CDATA[New question]]></title>
			<body><![CDATA[How clean is your floor? Do you:]]></body>
			<answers>
				<a>
					<body><![CDATA[Vacuum and mop with detergent weekly and try to clean carpets with detergent and a steam cleaner periodically]]></body>
					<actions>
						<ac>
							<type><![CDATA[points]]></type>
							<operator><![CDATA[+]]></operator>
							<value><![CDATA[3]]></value>
						</ac>
					</actions>
				</a>
				<a>
					<body><![CDATA[Vacuum and mop when the floor looks grubby]]></body>
					<actions>
						<ac>
							<type><![CDATA[points]]></type>
							<operator><![CDATA[+]]></operator>
							<value><![CDATA[1]]></value>
						</ac>
						<ac>
							<type><![CDATA[result]]></type>
							<value><![CDATA[705]]></value>
						</ac>
					</actions>
				</a>
				<a>
					<body><![CDATA[Never clean it]]></body>
					<actions>
						<ac>
							<type><![CDATA[points]]></type>
							<operator><![CDATA[+]]></operator>
							<value><![CDATA[0]]></value>
						</ac>
						<ac>
							<type><![CDATA[result]]></type>
							<value><![CDATA[705]]></value>
						</ac>
					</actions>
				</a>
			</answers>
		</q>
		<q type = "single select" info_box = "170" info_box_position = "0">
			<title><![CDATA[New question]]></title>
			<body><![CDATA[How would you sum up your approach to pets?]]></body>
			<answers>
				<a>
					<body><![CDATA[They're part of the family. We share food, they're allowed anywhere in the house and they sometimes sleep in my bed]]></body>
					<actions>
						<ac>
							<type><![CDATA[points]]></type>
							<operator><![CDATA[+]]></operator>
							<value><![CDATA[0]]></value>
						</ac>
						<ac>
							<type><![CDATA[result]]></type>
							<value><![CDATA[703]]></value>
						</ac>
					</actions>
				</a>
				<a>
					<body><![CDATA[They are restricted to certain rooms but I use the same dishes, utensils and tin openers when feeding them]]></body>
					<actions>
						<ac>
							<type><![CDATA[points]]></type>
							<operator><![CDATA[+]]></operator>
							<value><![CDATA[1]]></value>
						</ac>
						<ac>
							<type><![CDATA[result]]></type>
							<value><![CDATA[704]]></value>
						</ac>
					</actions>
				</a>
				<a>
					<body><![CDATA[I am careful to use separate dishes, utensils and tin openers and I always wash my hands after contact with them and their things]]></body>
					<actions>
						<ac>
							<type><![CDATA[points]]></type>
							<operator><![CDATA[+]]></operator>
							<value><![CDATA[3]]></value>
						</ac>
					</actions>
				</a>
				<a>
					<body><![CDATA[I don't have any]]></body>
					<actions>
						<ac>
							<type><![CDATA[points]]></type>
							<operator><![CDATA[+]]></operator>
							<value><![CDATA[3]]></value>
						</ac>
					</actions>
				</a>
			</answers>
		</q>
	</questions>
	<results>
		<ri type = "progress bar" p1 = "0" p2 = "33" p3 = "Points"><![CDATA[Here's your hygiene rating]]></ri>
		<ri type = "points triggered result" p1 = "16" p2 = "50" p3 = ""><![CDATA[Well done, you’ve got high standards of cleanliness. Not only does your home look and feel clean and tidy, it is also hygienically clean. By doing a little cleaning everyday day and focusing on the areas most at risk of harbouring germs, you're reducing your risk of picking up a nasty infection. Keep up the good work.]]></ri>
		<ri type = "points triggered result" p1 = "11" p2 = "16" p3 = ""><![CDATA[<div>You've got the right idea but are you doing enough to keep the germs at bay? Bacteria, viruses and fungi carry disease and only targeted hygiene will protect you from infection. That means getting rid of as many germs as possible, where and when there’s a risk of them spreading and causing infection.</div><div><br></div><div>Here are some things to remember:</div>]]></ri>
		<ri type = "points triggered result" p1 = "6" p2 = "11" p3 = ""><![CDATA[<div>Your heart just isn’t in it. The fight against infectious diseases such as MRSA and E. coli starts at home. You need to focus on targeting germ hotspots such as kitchen cleaning cloths to break the chain of cross-contamination, so you can reduce the risk of transmitting infections.</div><div><br></div><div>Here are some things to remember:</div>]]></ri>
		<ri type = "points triggered result" p1 = "0" p2 = "6" p3 = ""><![CDATA[<div>Your home could be a health hazard. You and your family may be at risk of picking up a nasty infection from bacteria, viruses or fungi that have taken up residence. You need to act quickly if you want to stay healthy.</div><div><br></div><div>Here are some things to remember:</div>]]></ri>
		<ri type = "accumulated results" p1 = "" p2 = "" p3 = ""><![CDATA[]]></ri>
	</results>
	<links>
		<li type = "text" p1 = "" p2 = ""><![CDATA[Want to learn more about home hygiene? Here are some links to get you started:]]></li>
		<li type = "obligatory link" p1 = "" p2 = ""><![CDATA[199]]></li>
		<li type = "obligatory link" p1 = "" p2 = ""><![CDATA[198]]></li>
		<li type = "obligatory link" p1 = "" p2 = ""><![CDATA[197]]></li>
		<li type = "obligatory link" p1 = "" p2 = ""><![CDATA[196]]></li>
		<li type = "obligatory link" p1 = "" p2 = ""><![CDATA[195]]></li>
		<li type = "obligatory link" p1 = "" p2 = ""><![CDATA[379]]></li>
		<li type = "obligatory link" p1 = "" p2 = ""><![CDATA[380]]></li>
	</links>
	<result_items>
		<ri id = "692" priority = "0"><![CDATA[Wash your hands thoroughly with soap and water and dry them before and after handling food, going to the toilet, blowing your nose or touching animals.]]></ri>
		<ri id = "707" priority = "0"><![CDATA[When you sneeze, always cover your mouth with a tissue, dispose of it immediately and wash your hands.]]></ri>
		<ri id = "693" priority = "0"><![CDATA[You should be using a lavatory cleaner and brush on your toilet (including seat, handle & rim) every few days.]]></ri>
		<ri id = "694" priority = "0"><![CDATA[When using a cleaning cloth, always rinse it out, disinfect it and leave it out to dry.]]></ri>
		<ri id = "695" priority = "0"><![CDATA[Raw meat and eggs contain potentially harmful bacteria. Always wash items used to prepare these foodstuffs thoroughly and separately.]]></ri>
		<ri id = "696" priority = "0"><![CDATA[When preparing raw meat, don't forget to wash worktops, boards and utensils thoroughly with hot soapy water, before preparing other ingredients.]]></ri>
		<ri id = "697" priority = "0"><![CDATA[Use separate chopping boards for raw meat. It contains harmful bacteria that can spread very easily to anything it touches.]]></ri>
		<ri id = "698" priority = "0"><![CDATA[Use a freshly laundered tea towel each day. Put them on the radiator to dry after use.]]></ri>
		<ri id = "699" priority = "0"><![CDATA[Reusable cloths, sponges and brushes should be washed in soapy water, disinfected and dried after each use.]]></ri>
		<ri id = "700" priority = "0"><![CDATA[Remember to run the washing machine empty once a week, either at a high temperature or with a disinfectant to prevent germ growth.]]></ri>
		<ri id = "701" priority = "0"><![CDATA[Don't forget to wash undergarments with a bleach based detergent or over 40C]]></ri>
		<ri id = "702" priority = "0"><![CDATA[Don't leave your laundry in the washing machine as any remaining germs can multiply rapidly.]]></ri>
		<ri id = "706" priority = "0"><![CDATA[If using shared laundry facilities, such as a launderette, use a bleach-based product.]]></ri>
		<ri id = "705" priority = "0"><![CDATA[Floors need to be vacuumed and mopped weekly – maybe more in a house with young children and/or pets.]]></ri>
		<ri id = "703" priority = "0"><![CDATA[Always wash your hands after touching your pets and they bedding, toys or food.]]></ri>
		<ri id = "704" priority = "0"><![CDATA[Always use and store pet-related items separately and don't forget to wash your hands after any contact with your pet.]]></ri>
	</result_items>
	<link_items>
		<ri id = "199" url = "http://www.nhs.uk/Livewell/homehygiene/Pages/Foodhygiene.aspx"><![CDATA[How to prepare food safely]]></ri>		<ri id = "198" url = "http://www.nhs.uk/Livewell/homehygiene/Pages/Foodpoisoningtips.aspx"><![CDATA[10 ways to prevent food poisoning]]></ri>		<ri id = "197" url = "http://www.nhs.uk/Livewell/homehygiene/Pages/how-to-store-food-safely.aspx"><![CDATA[How to store food safely]]></ri>		<ri id = "196" url = "http://www.nhs.uk/Livewell/homehygiene/Pages/how-clean-is-your-home.aspx"><![CDATA[Keep your home clean]]></ri>		<ri id = "195" url = "http://www.nhs.uk/Livewell/homehygiene/Pages/prevent-germs-from-spreading.aspx"><![CDATA[How to prevent germs from spreading]]></ri>		<ri id = "379" url = "http://www.nhs.uk/Livewell/homehygiene/Pages/common-household-germs.aspx"><![CDATA[Beware of common household germs]]></ri>		<ri id = "380" url = "http://www.nhs.uk/Livewell/homehygiene/Pages/food-and-home-hygiene-facts.aspx"><![CDATA[Food and hygiene facts]]></ri>	</link_items>
	<qvars>
	</qvars>
	<info_boxes>
		<ib  id = "85">
			<title><![CDATA[Did you know?]]></title>
			<body><![CDATA[Hands are the biggest spreaders of germs in the home. Studies show that hand washing lowers the transmission of diarrhoea and colds, and targeted disinfection at critical sites reduces the spread of infection in the home. Wash your hands frequently during the day, using hot water and soap, to prevent spreading germs. Wash them every time you've been to the toilet, and before and after preparing food.]]></body>
			<name><![CDATA[More on hand washing]]></name>
		</ib>
		<ib  id = "173">
			<title><![CDATA[Did you know?]]></title>
			<body><![CDATA[Nasal secretions from someone suffering from influenza can contain up to 10 million infectious influenza particles per mililitre.]]></body>
			<name><![CDATA[More on sneezing]]></name>
		</ib>
		<ib  id = "165">
			<title><![CDATA[Did you know?]]></title>
			<body><![CDATA[<div>The greatest risk of infection in the bathroom comes from the surfaces that are frequently touched by the hands, including the toilet flush handle and seat, taps and door handles.</div>]]></body>
			<name><![CDATA[More on toilet hygiene]]></name>
		</ib>
		<ib  id = "0">
			<title><![CDATA[]]></title>
			<body><![CDATA[]]></body>
			<name><![CDATA[]]></name>
		</ib>
		<ib  id = "166">
			<title><![CDATA[Did you know?]]></title>
			<body><![CDATA[Although the kitchen sink can contain 100,000 times more germs than a bathroom or lavatory, most people think of the toilet as the most contaminated part of the house.]]></body>
			<name><![CDATA[More on kitchen hygiene]]></name>
		</ib>
		<ib  id = "167">
			<title><![CDATA[Did you know?]]></title>
			<body><![CDATA[Up to 50% or more of the chickens we buy are contaminated with either salmonella or campylobacter. Thorough cooking makes the meat safe to eat, but it is important to prevent any of these germs being transferred to 'ready to eat foods' while you are preparing the chicken for cooking.]]></body>
			<name><![CDATA[More on raw meat]]></name>
		</ib>
		<ib  id = "168">
			<title><![CDATA[Did you know?]]></title>
			<body><![CDATA[A used kitchen sponge or cloth can contain thousands of bacteria per square inch, including E. coli and salmonella. The sponge's moist micro-crevices are a trap for germs and are difficult to disinfect. Replace them regularly.]]></body>
			<name><![CDATA[More on kitchen sponges]]></name>
		</ib>
		<ib  id = "169">
			<title><![CDATA[Did you know?]]></title>
			<body><![CDATA[Clothes, towels and linen can carry germs. Washing very soiled items at a high temperature or at 40C with a bleach-based product reduces the risk of infection. You should always wash your hands after handling dirty laundry.]]></body>
			<name><![CDATA[More on laundry]]></name>
		</ib>
		<ib  id = "171">
			<title><![CDATA[Did you know?]]></title>
			<body><![CDATA[Carpets are the largest reservoir of dust in the home. They contain hair and skin cells, food debris, dirt and insects. Most germs die quickly on dry surfaces, but some like Staphylococcus aureus (including MRSA) and salmonella, survive quite well. A home with floorboards is believed to have a tenth of the dust of one with wall-to-wall fitted carpets.]]></body>
			<name><![CDATA[More on carpets]]></name>
		</ib>
		<ib  id = "170">
			<title><![CDATA[Did you know?]]></title>
			<body><![CDATA[Campylobacter is carried by about half of all dogs and cats and it can cause diarrhoeal infection in people. The bacteria are passed on when you stroke your pets. Always wash your hands after coming into contact with pets.]]></body>
			<name><![CDATA[More on pets]]></name>
		</ib>
	</info_boxes>
	<videos>
	</videos>
</root>
