<?xml version="1.0" encoding="utf-8"?>
<root>
	<config>
		<id>68</id>		
		<title>Parenting self-assessment</title>		
		<colour_1>669900|9BC363</colour_1>
		<colour_2>669900|9BC363</colour_2>
		<colour_3>669900|9BC363</colour_3>
		<intro_title><![CDATA[How are you and your child coping?]]></intro_title>		
		<intro_copy><![CDATA[Parenting can be a wonderful and fulfilling experience. It can also be the hardest thing any of us have to deal with.<br><br>This assessment is for parents of babies and pre-school children. It provides practical advice to help with the demands of family life.&nbsp;<br><br>The results will give you an overview of your situation, as well as useful links to information&nbsp;<br>tailored to your responses.&nbsp;]]></intro_copy>		
		<intro_copy_alt><![CDATA[<br>]]></intro_copy_alt>		
		<intro_foot><![CDATA[<br>]]></intro_foot>		
		<intro_graphic><![CDATA[img_Parenting_self-assessment_tool.swf]]></intro_graphic>		
		<intro_graphic_alt><![CDATA[]]></intro_graphic_alt>		
		<hr_intro_graphic_alt><![CDATA[]]></hr_intro_graphic_alt>		
		<intro_graphic_position><![CDATA[6]]></intro_graphic_position>		
		<dimensions_f>362x490</dimensions_f>		
		<dimensions_j>362x490</dimensions_j>		
		<print_title>Your checklist</print_title>		
		<reporting>0</reporting>		
		<syndication_footer>0</syndication_footer>		
	</config>
	<questions>
		<q type = "single select" info_box = "0" info_box_position = "0">
			<title><![CDATA[New question]]></title>
			<body><![CDATA[How old is your child?]]></body>
			<answers>
				<a>
					<body><![CDATA[Under three months old]]></body>
					<actions>
						<ac>
							<type><![CDATA[set variable]]></type>
							<sub_type><![CDATA[age]]></sub_type>
							<operator><![CDATA[=]]></operator>
							<value><![CDATA[under6]]></value>
						</ac>
					</actions>
				</a>
				<a>
					<body><![CDATA[Between three and six months old]]></body>
					<actions>
						<ac>
							<type><![CDATA[set variable]]></type>
							<sub_type><![CDATA[age]]></sub_type>
							<operator><![CDATA[=]]></operator>
							<value><![CDATA[under6]]></value>
						</ac>
					</actions>
				</a>
				<a>
					<body><![CDATA[Between six and 18 months old]]></body>
					<actions>
						<ac>
							<type><![CDATA[set variable]]></type>
							<sub_type><![CDATA[age]]></sub_type>
							<operator><![CDATA[=]]></operator>
							<value><![CDATA[under18]]></value>
						</ac>
					</actions>
				</a>
				<a>
					<body><![CDATA[Between 18 months and three years old]]></body>
					<actions>
						<ac>
							<type><![CDATA[set variable]]></type>
							<sub_type><![CDATA[age]]></sub_type>
							<operator><![CDATA[=]]></operator>
							<value><![CDATA[over18]]></value>
						</ac>
					</actions>
				</a>
				<a>
					<body><![CDATA[Over three years old]]></body>
					<actions>
						<ac>
							<type><![CDATA[set variable]]></type>
							<sub_type><![CDATA[age]]></sub_type>
							<operator><![CDATA[=]]></operator>
							<value><![CDATA[over18]]></value>
						</ac>
					</actions>
				</a>
			</answers>
		</q>
		<q type = "single select" info_box = "0" info_box_position = "0">
			<title><![CDATA[New question]]></title>
			<body><![CDATA[How is your breastfeeding going?]]></body>
			<action>
				<condition>show if</condition>
				<property>age</property>
				<operator><![CDATA[=]]></operator>
				<value>under6</value>
			</action>
			<answers>
				<a>
					<body><![CDATA[It's fine. My baby and I are both doing well]]></body>
					<actions>
						<ac>
							<type><![CDATA[points]]></type>
							<operator><![CDATA[+]]></operator>
							<value><![CDATA[0]]></value>
						</ac>
						<ac>
							<type><![CDATA[link]]></type>
							<value><![CDATA[570]]></value>
						</ac>
					</actions>
				</a>
				<a>
					<body><![CDATA[I'm still finding it a bit tricky and uncomfortable]]></body>
					<actions>
						<ac>
							<type><![CDATA[points]]></type>
							<operator><![CDATA[+]]></operator>
							<value><![CDATA[1]]></value>
						</ac>
						<ac>
							<type><![CDATA[link]]></type>
							<value><![CDATA[571]]></value>
						</ac>
						<ac>
							<type><![CDATA[result]]></type>
							<value><![CDATA[1060]]></value>
						</ac>
					</actions>
				</a>
				<a>
					<body><![CDATA[My baby doesn't seem to like it]]></body>
					<actions>
						<ac>
							<type><![CDATA[points]]></type>
							<operator><![CDATA[+]]></operator>
							<value><![CDATA[3]]></value>
						</ac>
						<ac>
							<type><![CDATA[link]]></type>
							<value><![CDATA[571]]></value>
						</ac>
						<ac>
							<type><![CDATA[result]]></type>
							<value><![CDATA[1060]]></value>
						</ac>
					</actions>
				</a>
				<a>
					<body><![CDATA[My breasts are sore]]></body>
					<actions>
						<ac>
							<type><![CDATA[points]]></type>
							<operator><![CDATA[+]]></operator>
							<value><![CDATA[3]]></value>
						</ac>
						<ac>
							<type><![CDATA[link]]></type>
							<value><![CDATA[571]]></value>
						</ac>
						<ac>
							<type><![CDATA[result]]></type>
							<value><![CDATA[1061]]></value>
						</ac>
					</actions>
				</a>
				<a>
					<body><![CDATA[My breasts are really sore with a hot red patch]]></body>
					<actions>
						<ac>
							<type><![CDATA[points]]></type>
							<operator><![CDATA[+]]></operator>
							<value><![CDATA[3]]></value>
						</ac>
						<ac>
							<type><![CDATA[link]]></type>
							<value><![CDATA[572]]></value>
						</ac>
						<ac>
							<type><![CDATA[result]]></type>
							<value><![CDATA[1062]]></value>
						</ac>
					</actions>
				</a>
				<a>
					<body><![CDATA[I'm thinking of changing to bottle feeding]]></body>
					<actions>
						<ac>
							<type><![CDATA[points]]></type>
							<operator><![CDATA[+]]></operator>
							<value><![CDATA[2]]></value>
						</ac>
						<ac>
							<type><![CDATA[link]]></type>
							<value><![CDATA[573]]></value>
						</ac>
						<ac>
							<type><![CDATA[result]]></type>
							<value><![CDATA[1063]]></value>
						</ac>
					</actions>
				</a>
				<a>
					<body><![CDATA[I'm not breastfeeding]]></body>
					<actions>
						<ac>
							<type><![CDATA[points]]></type>
							<operator><![CDATA[+]]></operator>
							<value><![CDATA[0]]></value>
						</ac>
						<ac>
							<type><![CDATA[link]]></type>
							<value><![CDATA[570]]></value>
						</ac>
					</actions>
				</a>
			</answers>
		</q>
		<q type = "multiple select" info_box = "0" info_box_position = "0">
			<title><![CDATA[New question]]></title>
			<body><![CDATA[<div>Do any of the following apply to you? You can pick more than one:</div>]]></body>
			<action>
				<condition>show if</condition>
				<property>age</property>
				<operator><![CDATA[=]]></operator>
				<value>under6</value>
			</action>
			<answers>
				<a>
					<body><![CDATA[I'm not getting enough sleep]]></body>
					<actions>
						<ac>
							<type><![CDATA[points]]></type>
							<operator><![CDATA[+]]></operator>
							<value><![CDATA[1]]></value>
						</ac>
						<ac>
							<type><![CDATA[result]]></type>
							<value><![CDATA[1064]]></value>
						</ac>
						<ac>
							<type><![CDATA[link]]></type>
							<value><![CDATA[574]]></value>
						</ac>
					</actions>
				</a>
				<a>
					<body><![CDATA[I feel exhausted all the time]]></body>
					<actions>
						<ac>
							<type><![CDATA[points]]></type>
							<operator><![CDATA[+]]></operator>
							<value><![CDATA[2]]></value>
						</ac>
						<ac>
							<type><![CDATA[result]]></type>
							<value><![CDATA[1065]]></value>
						</ac>
						<ac>
							<type><![CDATA[link]]></type>
							<value><![CDATA[574]]></value>
						</ac>
					</actions>
				</a>
				<a>
					<body><![CDATA[I'm still sore after the birth]]></body>
					<actions>
						<ac>
							<type><![CDATA[points]]></type>
							<operator><![CDATA[+]]></operator>
							<value><![CDATA[3]]></value>
						</ac>
						<ac>
							<type><![CDATA[result]]></type>
							<value><![CDATA[1066]]></value>
						</ac>
						<ac>
							<type><![CDATA[link]]></type>
							<value><![CDATA[575]]></value>
						</ac>
					</actions>
				</a>
				<a>
					<body><![CDATA[I don't have time to eat]]></body>
					<actions>
						<ac>
							<type><![CDATA[points]]></type>
							<operator><![CDATA[+]]></operator>
							<value><![CDATA[2]]></value>
						</ac>
						<ac>
							<type><![CDATA[result]]></type>
							<value><![CDATA[1067]]></value>
						</ac>
						<ac>
							<type><![CDATA[link]]></type>
							<value><![CDATA[576]]></value>
						</ac>
					</actions>
				</a>
				<a>
					<body><![CDATA[I'm overweight]]></body>
					<actions>
						<ac>
							<type><![CDATA[points]]></type>
							<operator><![CDATA[+]]></operator>
							<value><![CDATA[1]]></value>
						</ac>
						<ac>
							<type><![CDATA[result]]></type>
							<value><![CDATA[1068]]></value>
						</ac>
						<ac>
							<type><![CDATA[link]]></type>
							<value><![CDATA[576]]></value>
						</ac>
					</actions>
				</a>
				<a>
					<body><![CDATA[I have unusual bleeding]]></body>
					<actions>
						<ac>
							<type><![CDATA[points]]></type>
							<operator><![CDATA[+]]></operator>
							<value><![CDATA[3]]></value>
						</ac>
						<ac>
							<type><![CDATA[result]]></type>
							<value><![CDATA[1069]]></value>
						</ac>
						<ac>
							<type><![CDATA[link]]></type>
							<value><![CDATA[577]]></value>
						</ac>
					</actions>
				</a>
				<a>
					<body><![CDATA[I'm feeling fine]]></body>
					<actions>
						<ac>
							<type><![CDATA[points]]></type>
							<operator><![CDATA[+]]></operator>
							<value><![CDATA[0]]></value>
						</ac>
					</actions>
				</a>
			</answers>
		</q>
		<q type = "single select" info_box = "253" info_box_position = "0">
			<title><![CDATA[New question]]></title>
			<body><![CDATA[<div>Have you been feeling down or anxious since your child was born?</div>]]></body>
			<action>
				<condition>hide if</condition>
				<property>age</property>
				<operator><![CDATA[=]]></operator>
				<value>over18</value>
			</action>
			<answers>
				<a>
					<body><![CDATA[No, not at all]]></body>
					<actions>
						<ac>
							<type><![CDATA[points]]></type>
							<operator><![CDATA[+]]></operator>
							<value><![CDATA[0]]></value>
						</ac>
					</actions>
				</a>
				<a>
					<body><![CDATA[Sometimes I feel a bit tired or low, but mostly I'm fine]]></body>
					<actions>
						<ac>
							<type><![CDATA[points]]></type>
							<operator><![CDATA[+]]></operator>
							<value><![CDATA[1]]></value>
						</ac>
						<ac>
							<type><![CDATA[result]]></type>
							<value><![CDATA[1072]]></value>
						</ac>
						<ac>
							<type><![CDATA[link]]></type>
							<value><![CDATA[574]]></value>
						</ac>
					</actions>
				</a>
				<a>
					<body><![CDATA[Sometimes I feel quite down]]></body>
					<actions>
						<ac>
							<type><![CDATA[points]]></type>
							<operator><![CDATA[+]]></operator>
							<value><![CDATA[2]]></value>
						</ac>
						<ac>
							<type><![CDATA[result]]></type>
							<value><![CDATA[1073]]></value>
						</ac>
					</actions>
				</a>
				<a>
					<body><![CDATA[I feel down almost every day]]></body>
					<actions>
						<ac>
							<type><![CDATA[points]]></type>
							<operator><![CDATA[+]]></operator>
							<value><![CDATA[3]]></value>
						</ac>
						<ac>
							<type><![CDATA[result]]></type>
							<value><![CDATA[1073]]></value>
						</ac>
					</actions>
				</a>
				<a>
					<body><![CDATA[I feel down and depressed all the time]]></body>
					<actions>
						<ac>
							<type><![CDATA[points]]></type>
							<operator><![CDATA[+]]></operator>
							<value><![CDATA[4]]></value>
						</ac>
						<ac>
							<type><![CDATA[result]]></type>
							<value><![CDATA[1074]]></value>
						</ac>
						<ac>
							<type><![CDATA[link]]></type>
							<value><![CDATA[581]]></value>
						</ac>
					</actions>
				</a>
			</answers>
		</q>
		<q type = "single select" info_box = "260" info_box_position = "0">
			<title><![CDATA[New question]]></title>
			<body><![CDATA[<div>How do you feel about teaching your child to use a potty or toilet?</div>]]></body>
			<action>
				<condition>show if</condition>
				<property>age</property>
				<operator><![CDATA[=]]></operator>
				<value>over18</value>
			</action>
			<answers>
				<a>
					<body><![CDATA[My child is already potty trained]]></body>
					<actions>
						<ac>
							<type><![CDATA[points]]></type>
							<operator><![CDATA[+]]></operator>
							<value><![CDATA[0]]></value>
						</ac>
					</actions>
				</a>
				<a>
					<body><![CDATA[My child is potty trained during the day but not at night]]></body>
					<actions>
						<ac>
							<type><![CDATA[points]]></type>
							<operator><![CDATA[+]]></operator>
							<value><![CDATA[1]]></value>
						</ac>
						<ac>
							<type><![CDATA[result]]></type>
							<value><![CDATA[1102]]></value>
						</ac>
						<ac>
							<type><![CDATA[link]]></type>
							<value><![CDATA[596]]></value>
						</ac>
					</actions>
				</a>
				<a>
					<body><![CDATA[I've started potty training. It's not going very well and my child gets upset]]></body>
					<actions>
						<ac>
							<type><![CDATA[points]]></type>
							<operator><![CDATA[+]]></operator>
							<value><![CDATA[2]]></value>
						</ac>
						<ac>
							<type><![CDATA[result]]></type>
							<value><![CDATA[1103]]></value>
						</ac>
						<ac>
							<type><![CDATA[link]]></type>
							<value><![CDATA[596]]></value>
						</ac>
					</actions>
				</a>
				<a>
					<body><![CDATA[I'd like to start potty training but I'm not sure if my child is ready]]></body>
					<actions>
						<ac>
							<type><![CDATA[points]]></type>
							<operator><![CDATA[+]]></operator>
							<value><![CDATA[1]]></value>
						</ac>
						<ac>
							<type><![CDATA[result]]></type>
							<value><![CDATA[1104]]></value>
						</ac>
						<ac>
							<type><![CDATA[link]]></type>
							<value><![CDATA[596]]></value>
						</ac>
					</actions>
				</a>
			</answers>
		</q>
		<q type = "single select" info_box = "257" info_box_position = "0">
			<title><![CDATA[New question]]></title>
			<body><![CDATA[How much time do you spend playing with and talking to your child on an average day?]]></body>
			<answers>
				<a>
					<body><![CDATA[None]]></body>
					<actions>
						<ac>
							<type><![CDATA[points]]></type>
							<operator><![CDATA[+]]></operator>
							<value><![CDATA[2]]></value>
						</ac>
						<ac>
							<type><![CDATA[result]]></type>
							<value><![CDATA[1084]]></value>
						</ac>
						<ac>
							<type><![CDATA[link]]></type>
							<value><![CDATA[587]]></value>
						</ac>
					</actions>
				</a>
				<a>
					<body><![CDATA[Less than an hour]]></body>
					<actions>
						<ac>
							<type><![CDATA[points]]></type>
							<operator><![CDATA[+]]></operator>
							<value><![CDATA[1]]></value>
						</ac>
						<ac>
							<type><![CDATA[result]]></type>
							<value><![CDATA[1084]]></value>
						</ac>
						<ac>
							<type><![CDATA[link]]></type>
							<value><![CDATA[587]]></value>
						</ac>
					</actions>
				</a>
				<a>
					<body><![CDATA[One to two hours]]></body>
					<actions>
						<ac>
							<type><![CDATA[points]]></type>
							<operator><![CDATA[+]]></operator>
							<value><![CDATA[0]]></value>
						</ac>
						<ac>
							<type><![CDATA[link]]></type>
							<value><![CDATA[587]]></value>
						</ac>
					</actions>
				</a>
				<a>
					<body><![CDATA[Two to three hours]]></body>
					<actions>
						<ac>
							<type><![CDATA[points]]></type>
							<operator><![CDATA[+]]></operator>
							<value><![CDATA[0]]></value>
						</ac>
					</actions>
				</a>
				<a>
					<body><![CDATA[Over three hours]]></body>
					<actions>
						<ac>
							<type><![CDATA[points]]></type>
							<operator><![CDATA[+]]></operator>
							<value><![CDATA[0]]></value>
						</ac>
					</actions>
				</a>
			</answers>
		</q>
		<q type = "single select" info_box = "256" info_box_position = "0">
			<title><![CDATA[New question]]></title>
			<body><![CDATA[Has your child had all the recommended tests and vaccinations?]]></body>
			<answers>
				<a>
					<body><![CDATA[Yes, they're completely up to date]]></body>
					<actions>
						<ac>
							<type><![CDATA[points]]></type>
							<operator><![CDATA[+]]></operator>
							<value><![CDATA[0]]></value>
						</ac>
					</actions>
				</a>
				<a>
					<body><![CDATA[They have had some of them]]></body>
					<actions>
						<ac>
							<type><![CDATA[points]]></type>
							<operator><![CDATA[+]]></operator>
							<value><![CDATA[1]]></value>
						</ac>
						<ac>
							<type><![CDATA[result]]></type>
							<value><![CDATA[1082]]></value>
						</ac>
						<ac>
							<type><![CDATA[link]]></type>
							<value><![CDATA[586]]></value>
						</ac>
					</actions>
				</a>
				<a>
					<body><![CDATA[They haven't had any]]></body>
					<actions>
						<ac>
							<type><![CDATA[points]]></type>
							<operator><![CDATA[+]]></operator>
							<value><![CDATA[2]]></value>
						</ac>
						<ac>
							<type><![CDATA[result]]></type>
							<value><![CDATA[1083]]></value>
						</ac>
						<ac>
							<type><![CDATA[link]]></type>
							<value><![CDATA[586]]></value>
						</ac>
					</actions>
				</a>
				<a>
					<body><![CDATA[I don't know]]></body>
					<actions>
						<ac>
							<type><![CDATA[points]]></type>
							<operator><![CDATA[+]]></operator>
							<value><![CDATA[3]]></value>
						</ac>
						<ac>
							<type><![CDATA[result]]></type>
							<value><![CDATA[1082]]></value>
						</ac>
						<ac>
							<type><![CDATA[link]]></type>
							<value><![CDATA[586]]></value>
						</ac>
					</actions>
				</a>
			</answers>
		</q>
		<q type = "single select" info_box = "0" info_box_position = "0">
			<title><![CDATA[New question]]></title>
			<body><![CDATA[How would you describe your relationship with your partner since the birth of your child?]]></body>
			<answers>
				<a>
					<body><![CDATA[It's good. We're both happy]]></body>
					<actions>
						<ac>
							<type><![CDATA[points]]></type>
							<operator><![CDATA[+]]></operator>
							<value><![CDATA[0]]></value>
						</ac>
					</actions>
				</a>
				<a>
					<body><![CDATA[It's changed but we're adjusting well]]></body>
					<actions>
						<ac>
							<type><![CDATA[points]]></type>
							<operator><![CDATA[+]]></operator>
							<value><![CDATA[0]]></value>
						</ac>
						<ac>
							<type><![CDATA[result]]></type>
							<value><![CDATA[1075]]></value>
						</ac>
						<ac>
							<type><![CDATA[link]]></type>
							<value><![CDATA[582]]></value>
						</ac>
					</actions>
				</a>
				<a>
					<body><![CDATA[We're arguing a lot more than usual. I'm worried about our relationship]]></body>
					<actions>
						<ac>
							<type><![CDATA[points]]></type>
							<operator><![CDATA[+]]></operator>
							<value><![CDATA[1]]></value>
						</ac>
						<ac>
							<type><![CDATA[result]]></type>
							<value><![CDATA[1076]]></value>
						</ac>
						<ac>
							<type><![CDATA[link]]></type>
							<value><![CDATA[582]]></value>
						</ac>
					</actions>
				</a>
				<a>
					<body><![CDATA[My partner is aggressive and violent towards me]]></body>
					<actions>
						<ac>
							<type><![CDATA[points]]></type>
							<operator><![CDATA[+]]></operator>
							<value><![CDATA[3]]></value>
						</ac>
						<ac>
							<type><![CDATA[result]]></type>
							<value><![CDATA[1077]]></value>
						</ac>
						<ac>
							<type><![CDATA[link]]></type>
							<value><![CDATA[582]]></value>
						</ac>
					</actions>
				</a>
				<a>
					<body><![CDATA[I'm not in a relationship at the moment]]></body>
					<actions>
						<ac>
							<type><![CDATA[points]]></type>
							<operator><![CDATA[+]]></operator>
							<value><![CDATA[1]]></value>
						</ac>
						<ac>
							<type><![CDATA[result]]></type>
							<value><![CDATA[1078]]></value>
						</ac>
						<ac>
							<type><![CDATA[link]]></type>
							<value><![CDATA[583]]></value>
						</ac>
					</actions>
				</a>
			</answers>
		</q>
		<q type = "single select" info_box = "254" info_box_position = "0">
			<title><![CDATA[New question]]></title>
			<body><![CDATA[How would you describe your stress level each day?]]></body>
			<answers>
				<a>
					<body><![CDATA[Very high most of the time]]></body>
					<actions>
						<ac>
							<type><![CDATA[points]]></type>
							<operator><![CDATA[+]]></operator>
							<value><![CDATA[3]]></value>
						</ac>
						<ac>
							<type><![CDATA[result]]></type>
							<value><![CDATA[1071]]></value>
						</ac>
						<ac>
							<type><![CDATA[link]]></type>
							<value><![CDATA[578]]></value>
						</ac>
					</actions>
				</a>
				<a>
					<body><![CDATA[Sometimes high]]></body>
					<actions>
						<ac>
							<type><![CDATA[points]]></type>
							<operator><![CDATA[+]]></operator>
							<value><![CDATA[2]]></value>
						</ac>
						<ac>
							<type><![CDATA[result]]></type>
							<value><![CDATA[1071]]></value>
						</ac>
						<ac>
							<type><![CDATA[link]]></type>
							<value><![CDATA[578]]></value>
						</ac>
					</actions>
				</a>
				<a>
					<body><![CDATA[Same as normal]]></body>
					<actions>
						<ac>
							<type><![CDATA[points]]></type>
							<operator><![CDATA[+]]></operator>
							<value><![CDATA[0]]></value>
						</ac>
						<ac>
							<type><![CDATA[result]]></type>
							<value><![CDATA[1070]]></value>
						</ac>
					</actions>
				</a>
				<a>
					<body><![CDATA[My stress level is generally low]]></body>
					<actions>
						<ac>
							<type><![CDATA[points]]></type>
							<operator><![CDATA[+]]></operator>
							<value><![CDATA[0]]></value>
						</ac>
						<ac>
							<type><![CDATA[result]]></type>
							<value><![CDATA[1070]]></value>
						</ac>
					</actions>
				</a>
			</answers>
		</q>
		<q type = "single select" info_box = "0" info_box_position = "0">
			<title><![CDATA[New question]]></title>
			<body><![CDATA[<div>How do you feel about starting your child on solid food?</div>]]></body>
			<action>
				<condition>show if</condition>
				<property>age</property>
				<operator><![CDATA[=]]></operator>
				<value>under18</value>
			</action>
			<answers>
				<a>
					<body><![CDATA[I've already started. It's going well]]></body>
					<actions>
						<ac>
							<type><![CDATA[points]]></type>
							<operator><![CDATA[+]]></operator>
							<value><![CDATA[0]]></value>
						</ac>
					</actions>
				</a>
				<a>
					<body><![CDATA[I want to start but I'm not sure how to go about it]]></body>
					<actions>
						<ac>
							<type><![CDATA[points]]></type>
							<operator><![CDATA[+]]></operator>
							<value><![CDATA[1]]></value>
						</ac>
						<ac>
							<type><![CDATA[result]]></type>
							<value><![CDATA[1085]]></value>
						</ac>
						<ac>
							<type><![CDATA[link]]></type>
							<value><![CDATA[588]]></value>
						</ac>
					</actions>
				</a>
				<a>
					<body><![CDATA[I've started my child on solid food but they often spit it out]]></body>
					<actions>
						<ac>
							<type><![CDATA[points]]></type>
							<operator><![CDATA[+]]></operator>
							<value><![CDATA[1]]></value>
						</ac>
						<ac>
							<type><![CDATA[result]]></type>
							<value><![CDATA[1086]]></value>
						</ac>
						<ac>
							<type><![CDATA[link]]></type>
							<value><![CDATA[588]]></value>
						</ac>
					</actions>
				</a>
				<a>
					<body><![CDATA[My child is breastfeeding well. I don't want to start weaning yet ]]></body>
					<actions>
						<ac>
							<type><![CDATA[points]]></type>
							<operator><![CDATA[+]]></operator>
							<value><![CDATA[1]]></value>
						</ac>
						<ac>
							<type><![CDATA[result]]></type>
							<value><![CDATA[1087]]></value>
						</ac>
						<ac>
							<type><![CDATA[link]]></type>
							<value><![CDATA[588]]></value>
						</ac>
					</actions>
				</a>
			</answers>
		</q>
		<q type = "single select" info_box = "0" info_box_position = "0">
			<title><![CDATA[New question]]></title>
			<body><![CDATA[<div>How do you feel about being back at work, or going back soon?</div>]]></body>
			<action>
				<condition>show if</condition>
				<property>age</property>
				<operator><![CDATA[=]]></operator>
				<value>under6</value>
			</action>
			<answers>
				<a>
					<body><![CDATA[It's great. I'm enjoying being back at work]]></body>
					<actions>
						<ac>
							<type><![CDATA[points]]></type>
							<operator><![CDATA[+]]></operator>
							<value><![CDATA[0]]></value>
						</ac>
					</actions>
				</a>
				<a>
					<body><![CDATA[I'd like to know more about my rights at work now I'm a parent]]></body>
					<actions>
						<ac>
							<type><![CDATA[points]]></type>
							<operator><![CDATA[+]]></operator>
							<value><![CDATA[1]]></value>
						</ac>
						<ac>
							<type><![CDATA[result]]></type>
							<value><![CDATA[1088]]></value>
						</ac>
						<ac>
							<type><![CDATA[link]]></type>
							<value><![CDATA[589]]></value>
						</ac>
					</actions>
				</a>
				<a>
					<body><![CDATA[I'm due back soon and I'm worried about choosing the right childcare]]></body>
					<actions>
						<ac>
							<type><![CDATA[points]]></type>
							<operator><![CDATA[+]]></operator>
							<value><![CDATA[1]]></value>
						</ac>
						<ac>
							<type><![CDATA[result]]></type>
							<value><![CDATA[1089]]></value>
						</ac>
						<ac>
							<type><![CDATA[link]]></type>
							<value><![CDATA[590]]></value>
						</ac>
					</actions>
				</a>
				<a>
					<body><![CDATA[I'm worried about money. Can I claim any benefits or tax credits?]]></body>
					<actions>
						<ac>
							<type><![CDATA[points]]></type>
							<operator><![CDATA[+]]></operator>
							<value><![CDATA[2]]></value>
						</ac>
						<ac>
							<type><![CDATA[result]]></type>
							<value><![CDATA[1090]]></value>
						</ac>
						<ac>
							<type><![CDATA[link]]></type>
							<value><![CDATA[589]]></value>
						</ac>
					</actions>
				</a>
				<a>
					<body><![CDATA[I feel nervous about leaving my child]]></body>
					<actions>
						<ac>
							<type><![CDATA[points]]></type>
							<operator><![CDATA[+]]></operator>
							<value><![CDATA[2]]></value>
						</ac>
						<ac>
							<type><![CDATA[result]]></type>
							<value><![CDATA[1091]]></value>
						</ac>
					</actions>
				</a>
				<a>
					<body><![CDATA[I'm back at work. I'm finding it stressful and tiring]]></body>
					<actions>
						<ac>
							<type><![CDATA[points]]></type>
							<operator><![CDATA[+]]></operator>
							<value><![CDATA[2]]></value>
						</ac>
						<ac>
							<type><![CDATA[result]]></type>
							<value><![CDATA[1092]]></value>
						</ac>
						<ac>
							<type><![CDATA[link]]></type>
							<value><![CDATA[578]]></value>
						</ac>
					</actions>
				</a>
				<a>
					<body><![CDATA[I'm not planning to work in the near future]]></body>
					<actions>
						<ac>
							<type><![CDATA[points]]></type>
							<operator><![CDATA[+]]></operator>
							<value><![CDATA[0]]></value>
						</ac>
					</actions>
				</a>
			</answers>
		</q>
		<q type = "multiple select" info_box = "258" info_box_position = "0">
			<title><![CDATA[New question]]></title>
			<body><![CDATA[Have you made any of the following changes to your home to protect your child from accidents? You can pick more than one:]]></body>
			<action>
				<condition>show if</condition>
				<property>age</property>
				<operator><![CDATA[=]]></operator>
				<value>under6</value>
			</action>
			<answers>
				<a>
					<body><![CDATA[Fitted locks to cupboards and windows]]></body>
					<actions>
						<ac>
							<type><![CDATA[result]]></type>
							<value><![CDATA[1094]]></value>
						</ac>
					</actions>
				</a>
				<a>
					<body><![CDATA[Put medicines, bleach and other harmful substances out of reach]]></body>
					<actions>
						<ac>
							<type><![CDATA[result]]></type>
							<value><![CDATA[1094]]></value>
						</ac>
					</actions>
				</a>
				<a>
					<body><![CDATA[Installed a smoke detector]]></body>
					<actions>
						<ac>
							<type><![CDATA[result]]></type>
							<value><![CDATA[1094]]></value>
						</ac>
					</actions>
				</a>
				<a>
					<body><![CDATA[Fitted a stair gate]]></body>
					<actions>
						<ac>
							<type><![CDATA[result]]></type>
							<value><![CDATA[1094]]></value>
						</ac>
					</actions>
				</a>
				<a>
					<body><![CDATA[Covered electrical sockets]]></body>
					<actions>
						<ac>
							<type><![CDATA[result]]></type>
							<value><![CDATA[1094]]></value>
						</ac>
					</actions>
				</a>
				<a>
					<body><![CDATA[None of these]]></body>
					<actions>
						<ac>
							<type><![CDATA[result]]></type>
							<value><![CDATA[1093]]></value>
						</ac>
					</actions>
				</a>
			</answers>
		</q>
		<q type = "single select" info_box = "0" info_box_position = "0">
			<title><![CDATA[New question]]></title>
			<body><![CDATA[<div>Is your child eating as healthily as you would like?</div>]]></body>
			<action>
				<condition>show if</condition>
				<property>age</property>
				<operator><![CDATA[=]]></operator>
				<value>over18</value>
			</action>
			<answers>
				<a>
					<body><![CDATA[Yes, they eat a healthy, well-balanced diet including five portions of fruit and vegetables a day]]></body>
					<actions>
						<ac>
							<type><![CDATA[points]]></type>
							<operator><![CDATA[+]]></operator>
							<value><![CDATA[0]]></value>
						</ac>
					</actions>
				</a>
				<a>
					<body><![CDATA[They eat well but not enough fruit and vegetables]]></body>
					<actions>
						<ac>
							<type><![CDATA[points]]></type>
							<operator><![CDATA[+]]></operator>
							<value><![CDATA[1]]></value>
						</ac>
						<ac>
							<type><![CDATA[result]]></type>
							<value><![CDATA[1095]]></value>
						</ac>
					</actions>
				</a>
				<a>
					<body><![CDATA[I have trouble getting them to eat any food]]></body>
					<actions>
						<ac>
							<type><![CDATA[points]]></type>
							<operator><![CDATA[+]]></operator>
							<value><![CDATA[2]]></value>
						</ac>
						<ac>
							<type><![CDATA[result]]></type>
							<value><![CDATA[1096]]></value>
						</ac>
						<ac>
							<type><![CDATA[link]]></type>
							<value><![CDATA[594]]></value>
						</ac>
					</actions>
				</a>
				<a>
					<body><![CDATA[I can't afford healthy food. It costs a lot more than the food I buy]]></body>
					<actions>
						<ac>
							<type><![CDATA[points]]></type>
							<operator><![CDATA[+]]></operator>
							<value><![CDATA[1]]></value>
						</ac>
						<ac>
							<type><![CDATA[result]]></type>
							<value><![CDATA[1097]]></value>
						</ac>
						<ac>
							<type><![CDATA[link]]></type>
							<value><![CDATA[593]]></value>
						</ac>
					</actions>
				</a>
				<a>
					<body><![CDATA[I think my child overeats, especially things like crisps and chocolate]]></body>
					<actions>
						<ac>
							<type><![CDATA[points]]></type>
							<operator><![CDATA[+]]></operator>
							<value><![CDATA[3]]></value>
						</ac>
						<ac>
							<type><![CDATA[result]]></type>
							<value><![CDATA[1098]]></value>
						</ac>
						<ac>
							<type><![CDATA[link]]></type>
							<value><![CDATA[593]]></value>
						</ac>
					</actions>
				</a>
				<a>
					<body><![CDATA[I'm not sure]]></body>
					<actions>
						<ac>
							<type><![CDATA[points]]></type>
							<operator><![CDATA[+]]></operator>
							<value><![CDATA[2]]></value>
						</ac>
						<ac>
							<type><![CDATA[result]]></type>
							<value><![CDATA[1099]]></value>
						</ac>
						<ac>
							<type><![CDATA[link]]></type>
							<value><![CDATA[593]]></value>
						</ac>
					</actions>
				</a>
			</answers>
		</q>
		<q type = "single select" info_box = "259" info_box_position = "0">
			<title><![CDATA[New question]]></title>
			<body><![CDATA[<div>How difficult is your child's behaviour?</div>]]></body>
			<action>
				<condition>show if</condition>
				<property>age</property>
				<operator><![CDATA[=]]></operator>
				<value>over18</value>
			</action>
			<answers>
				<a>
					<body><![CDATA[Very difficult and unpredictable]]></body>
					<actions>
						<ac>
							<type><![CDATA[points]]></type>
							<operator><![CDATA[+]]></operator>
							<value><![CDATA[2]]></value>
						</ac>
						<ac>
							<type><![CDATA[result]]></type>
							<value><![CDATA[1101]]></value>
						</ac>
						<ac>
							<type><![CDATA[link]]></type>
							<value><![CDATA[595]]></value>
						</ac>
					</actions>
				</a>
				<a>
					<body><![CDATA[Often difficult]]></body>
					<actions>
						<ac>
							<type><![CDATA[points]]></type>
							<operator><![CDATA[+]]></operator>
							<value><![CDATA[1]]></value>
						</ac>
						<ac>
							<type><![CDATA[result]]></type>
							<value><![CDATA[1101]]></value>
						</ac>
						<ac>
							<type><![CDATA[link]]></type>
							<value><![CDATA[595]]></value>
						</ac>
					</actions>
				</a>
				<a>
					<body><![CDATA[Sometimes difficult]]></body>
					<actions>
						<ac>
							<type><![CDATA[points]]></type>
							<operator><![CDATA[+]]></operator>
							<value><![CDATA[1]]></value>
						</ac>
						<ac>
							<type><![CDATA[result]]></type>
							<value><![CDATA[1101]]></value>
						</ac>
						<ac>
							<type><![CDATA[link]]></type>
							<value><![CDATA[595]]></value>
						</ac>
					</actions>
				</a>
				<a>
					<body><![CDATA[Not difficult at all]]></body>
					<actions>
						<ac>
							<type><![CDATA[points]]></type>
							<operator><![CDATA[+]]></operator>
							<value><![CDATA[0]]></value>
						</ac>
					</actions>
				</a>
			</answers>
		</q>
		<q type = "single select" info_box = "261" info_box_position = "0">
			<title><![CDATA[New question]]></title>
			<body><![CDATA[<div>If your child is starting school or pre-school soon, how do you feel about it?</div>]]></body>
			<action>
				<condition>show if</condition>
				<property>age</property>
				<operator><![CDATA[=]]></operator>
				<value>over18</value>
			</action>
			<answers>
				<a>
					<body><![CDATA[Fine. I've talked to the teachers and they're aware of my child's needs]]></body>
					<actions>
						<ac>
							<type><![CDATA[points]]></type>
							<operator><![CDATA[+]]></operator>
						</ac>
					</actions>
				</a>
				<a>
					<body><![CDATA[I'm not sure how to prepare my child for their first day]]></body>
					<actions>
						<ac>
							<type><![CDATA[result]]></type>
							<value><![CDATA[1105]]></value>
						</ac>
						<ac>
							<type><![CDATA[link]]></type>
							<value><![CDATA[598]]></value>
						</ac>
					</actions>
				</a>
				<a>
					<body><![CDATA[I'm worried that my child won't settle in]]></body>
					<actions>
						<ac>
							<type><![CDATA[result]]></type>
							<value><![CDATA[1106]]></value>
						</ac>
						<ac>
							<type><![CDATA[link]]></type>
							<value><![CDATA[598]]></value>
						</ac>
					</actions>
				</a>
				<a>
					<body><![CDATA[My child isn't about to start school]]></body>
					<actions>
						<ac>
							<type><![CDATA[points]]></type>
							<operator><![CDATA[+]]></operator>
						</ac>
					</actions>
				</a>
			</answers>
		</q>
		<q type = "single select" info_box = "255" info_box_position = "0">
			<title><![CDATA[New question]]></title>
			<body><![CDATA[<div>If you’re not planning another pregnancy yet, are you using contraception?</div>]]></body>
			<answers>
				<a>
					<body><![CDATA[Yes, I'm already using contraception]]></body>
					<actions>
						<ac>
							<type><![CDATA[points]]></type>
							<operator><![CDATA[+]]></operator>
						</ac>
					</actions>
				</a>
				<a>
					<body><![CDATA[I'm breastfeeding so I don't think I need any]]></body>
					<actions>
						<ac>
							<type><![CDATA[result]]></type>
							<value><![CDATA[1079]]></value>
						</ac>
						<ac>
							<type><![CDATA[link]]></type>
							<value><![CDATA[584]]></value>
						</ac>
					</actions>
				</a>
				<a>
					<body><![CDATA[I'm not ready to have sex yet so I don't need it]]></body>
					<actions>
						<ac>
							<type><![CDATA[result]]></type>
							<value><![CDATA[1080]]></value>
						</ac>
						<ac>
							<type><![CDATA[link]]></type>
							<value><![CDATA[584]]></value>
						</ac>
					</actions>
				</a>
				<a>
					<body><![CDATA[I want to but I'm not sure which type to use]]></body>
					<actions>
						<ac>
							<type><![CDATA[result]]></type>
							<value><![CDATA[1081]]></value>
						</ac>
						<ac>
							<type><![CDATA[link]]></type>
							<value><![CDATA[584]]></value>
						</ac>
					</actions>
				</a>
				<a>
					<body><![CDATA[No, I'm not using any]]></body>
					<actions>
						<ac>
							<type><![CDATA[result]]></type>
							<value><![CDATA[1081]]></value>
						</ac>
						<ac>
							<type><![CDATA[link]]></type>
							<value><![CDATA[584]]></value>
						</ac>
					</actions>
				</a>
			</answers>
		</q>
	</questions>
	<results>
		<ri type = "points triggered result" p1 = "0" p2 = "6" p3 = ""><![CDATA[<div>Based on your answers today it seems you are doing really well, which is great. You may wish to consider the following:</div>]]></ri>
		<ri type = "points triggered result" p1 = "6" p2 = "15" p3 = ""><![CDATA[<div>Based on your answers today it seems you are doing well but having some problems in a few areas. You may wish to consider the following:</div>]]></ri>
		<ri type = "points triggered result" p1 = "15" p2 = "33" p3 = ""><![CDATA[Based on your answers today it seems you are finding some things difficult at the moment. You may wish to consider the following:]]></ri>
		<ri type = "accumulated results" p1 = "" p2 = "" p3 = ""><![CDATA[]]></ri>
	</results>
	<links>
		<li type = "text" p1 = "" p2 = ""><![CDATA[The following links may be of interest:]]></li>
		<li type = "accumulated links" p1 = "" p2 = ""><![CDATA[]]></li>
	</links>
	<result_items>
		<ri id = "1060" priority = "0"><![CDATA[If you're having problems breastfeeding, speak to your health visitor about one-to-one support.]]></ri>
		<ri id = "1061" priority = "0"><![CDATA[If you have soreness caused by breastfeeding, get advice from your GP or health visitor as soon as possible.]]></ri>
		<ri id = "1062" priority = "0"><![CDATA[If either of your breasts are sore, red and hot, speak to your GP immediately.]]></ri>
		<ri id = "1063" priority = "0"><![CDATA[If you're thinking of changing to bottle feeding, consider combining it with breastfeeding. Speak to your health visitor.]]></ri>
		<ri id = "1064" priority = "0"><![CDATA[It's usual to feel tired. Ask friends or family to help out so you can rest when you're particularly tired.]]></ri>
		<ri id = "1065" priority = "0"><![CDATA[Having a new baby can be exhausting, but if you're feeling anxious or depressed speak to your health visitor or GP immediately.]]></ri>
		<ri id = "1066" priority = "0"><![CDATA[If you're sore from the birth, ask your health visitor for a check-up to make sure you're healing as expected.]]></ri>
		<ri id = "1067" priority = "0"><![CDATA[Although it can be hard, eating healthily will give you energy. Try preparing some meals when your baby is sleeping and speak to your health visitor about this.]]></ri>
		<ri id = "1068" priority = "0"><![CDATA[If you want to lose weight, do it safely. Eat a balanced diet and build gentle exercise into your day, such as going for a walk.]]></ri>
		<ri id = "1069" priority = "0"><![CDATA[If you have any unusual bleeding, see your GP or health visitor as soon as you can for a check-up and advice.]]></ri>
		<ri id = "1072" priority = "0"><![CDATA[It's normal to feel tired or low sometimes. But if you feel very low, it's important to talk to your health visitor.]]></ri>
		<ri id = "1073" priority = "0"><![CDATA[If feeling down is affecting your day-to-day life, speak to your GP or health  visitor. There's lots they can do to help.]]></ri>
		<ri id = "1074" priority = "0"><![CDATA[Don't ignore your feelings. If you're feeling down most days, speak to your GP or health visitor as soon as possible.]]></ri>
		<ri id = "1102" priority = "0"><![CDATA[It's great that your child is potty trained during the day. It's natural for it take longer to be dry at night. This should come with time.]]></ri>
		<ri id = "1103" priority = "0"><![CDATA[It may be too soon for your child to potty train. Go back to nappies for a few weeks and then start again.]]></ri>
		<ri id = "1104" priority = "0"><![CDATA[Children are usually ready for potty training when they can tell you that they need to wee or poo in advance of doing it.]]></ri>
		<ri id = "1084" priority = "0"><![CDATA[Playing encourages your baby's development so increase your playtime to at least an hour a day.]]></ri>
		<ri id = "1082" priority = "0"><![CDATA[Check with your health visitor which vaccinations your baby may have missed so they can get them.]]></ri>
		<ri id = "1083" priority = "0"><![CDATA[If there's no medical reason for your child not to have their vaccinations, they should have them soon.]]></ri>
		<ri id = "1075" priority = "0"><![CDATA[A new baby is a massive change and it's normal for this to affect your relationship.]]></ri>
		<ri id = "1076" priority = "0"><![CDATA[Many couples have difficulties at this time. But if you're worried, speak to your local branch of Relate (see Useful links).]]></ri>
		<ri id = "1077" priority = "0"><![CDATA[Domestic violence is a serious offence. For advice, call the free 24-hour helpline on 0808 200 0247.]]></ri>
		<ri id = "1078" priority = "0"><![CDATA[Bringing up a child on your own has its pressures. If you're struggling, speak to your health visitor.]]></ri>
		<ri id = "1071" priority = "0"><![CDATA[You're certainly not alone if you feel a bit stressed. But if you feel unable to cope, speak to your GP.]]></ri>
		<ri id = "1070" priority = "0"><![CDATA[Well done: your stress levels are low, and you're clearly coping very well with being a parent.]]></ri>
		<ri id = "1085" priority = "0"><![CDATA[Weaning can seem daunting at first. Read our features and if you still have concerns, ask your health visitor for further advice.]]></ri>
		<ri id = "1086" priority = "0"><![CDATA[If your baby refuses solids, try different foods. At first, make them completely smooth.]]></ri>
		<ri id = "1087" priority = "0"><![CDATA[Breastfeeding is recommended for the first six months, after which solids should be introduced.]]></ri>
		<ri id = "1088" priority = "0"><![CDATA[It's important to know your rights in the workplace so that your work fits in with family life.]]></ri>
		<ri id = "1089" priority = "0"><![CDATA[There are many childcare options available. Take your time to consider what's best for you and your child.]]></ri>
		<ri id = "1090" priority = "0"><![CDATA[If you're on a low income, you may be entitled to benefits and/or tax credits. See Useful links.]]></ri>
		<ri id = "1091" priority = "0"><![CDATA[Going back to work can be a big step. Speak to your employer about any concerns you have.]]></ri>
		<ri id = "1092" priority = "0"><![CDATA[If work is stressful, consider talking to your employer about flexible working.]]></ri>
		<ri id = "1094" priority = "0"><![CDATA[You've already taken steps to make your home safer. You can also ask your local council's safety officer to advise you.]]></ri>
		<ri id = "1093" priority = "0"><![CDATA[Your home can be adapted to help prevent accidents. See Useful links for information on how.]]></ri>
		<ri id = "1095" priority = "0"><![CDATA[Be creative with fruit and vegetables. Include them in the foods your child loves, like pizza and pasta.]]></ri>
		<ri id = "1096" priority = "0"><![CDATA[Cooking with kids can encourage them to eat. If you'd like more advice, speak to your health visitor.]]></ri>
		<ri id = "1097" priority = "0"><![CDATA[Read our feature about affordable healthy foods. You can also get advice from your health visitor.]]></ri>
		<ri id = "1098" priority = "0"><![CDATA[If your child is overeating, speak to your health visitor for advice on healthy eating. See Useful links.]]></ri>
		<ri id = "1099" priority = "0"><![CDATA[Speak to your health visitor about what sorts of your child should be eating and what to avoid.]]></ri>
		<ri id = "1101" priority = "0"><![CDATA[If your child's behaviour is sometimes difficult, or getting worse, you may find it helpful to speak to your health visitor about how to deal with it.]]></ri>
		<ri id = "1105" priority = "0"><![CDATA[Prepare your child for school or pre-school by telling them all about it. Reassure them that it will be fun and take them there for a visit so that they know what to expect.]]></ri>
		<ri id = "1106" priority = "0"><![CDATA[If you're concerned about your child, speak to someone at the school about your concerns and discuss ways to help them settle in.]]></ri>
		<ri id = "1079" priority = "0"><![CDATA[It is possible to get pregnant while breastfeeding. Use contraception if you don't want to have another baby.]]></ri>
		<ri id = "1080" priority = "0"><![CDATA[It's good idea to think about contraception. That way, if you do feel ready for sex, it's already sorted out.]]></ri>
		<ri id = "1081" priority = "0"><![CDATA[There are many types of contraception available. Your GP, health visitor or local GUM clinic can advise you.]]></ri>
	</result_items>
	<link_items>
		<ri id = "570" url = "http://www.nhs.uk/conditions/pregnancy-and-baby/pages/why-breastfeed.aspx">
Read about the benefits of breastfeeding		</ri>
		<ri id = "571" url = "http://www.nhs.uk/conditions/pregnancy-and-baby/pages/breastfeeding-problems.aspx">
Breastfeeding problems		</ri>
		<ri id = "572" url = "http://www.nhs.uk/conditions/mastitis/Pages/Introduction.aspx">
Read about mastitis		</ri>
		<ri id = "573" url = "http://www.nhs.uk/Conditions/pregnancy-and-baby/Pages/combining-breast-and-bottle.aspx">
Combining breast and bottle feeding		</ri>
		<ri id = "574" url = "http://www.nhs.uk/conditions/pregnancy-and-baby/pages/sleep-and-tiredness.aspx">
Sleep and tiredness		</ri>
		<ri id = "575" url = "http://www.nhs.uk/conditions/pregnancy-and-baby/pages/your-body-after-childbirth.aspx">
Your body after childbirth		</ri>
		<ri id = "576" url = "http://www.nhs.uk/conditions/pregnancy-and-baby/pages/keeping-fit-and-healthy.aspx">
Keeping fit and healthy after having a baby		</ri>
		<ri id = "577" url = "http://www.nhs.uk/conditions/pregnancy-and-baby/pages/your-body-after-childbirth.aspx">
Your body after childbirth		</ri>
		<ri id = "581" url = "http://www.nhs.uk/conditions/pregnancy-and-baby/pages/feeling-depressed-after-birth.aspx">
Feeling depressed after birth		</ri>
		<ri id = "596" url = "http://www.nhs.uk/conditions/pregnancy-and-baby/pages/potty-training-tips.aspx">
Potty training tips		</ri>
		<ri id = "587" url = "http://www.nhs.uk/conditions/pregnancy-and-baby/pages/play-ideas-and-reading.aspx">
Creative play ideas		</ri>
		<ri id = "586" url = "http://www.nhs.uk/conditions/pregnancy-and-baby/pages/baby-screening.aspx">
Childhood vaccinations explained		</ri>
		<ri id = "582" url = "http://www.nhs.uk/Conditions/pregnancy-and-baby/Pages/relationships-after-a-baby.aspx">
More on relationships		</ri>
		<ri id = "583" url = "http://www.nhs.uk/conditions/pregnancy-and-baby/pages/bringing-up-child-alone.aspx">
Bringing up a child on your own		</ri>
		<ri id = "578" url = "http://www.nhs.uk/conditions/pregnancy-and-baby/pages/coping-with-stress.aspx">
Coping with stress		</ri>
		<ri id = "588" url = "http://www.nhs.uk/conditions/pregnancy-and-baby/pages/solid-foods-weaning.aspx">
First steps to weaning		</ri>
		<ri id = "589" url = "http://www.nhs.uk/Conditions/pregnancy-and-baby/Pages/rights-benefits-for-parents.aspx">
Parental benefits and rights		</ri>
		<ri id = "590" url = "http://www.nhs.uk/conditions/pregnancy-and-baby/pages/deciding-on-childcare.aspx">
Childcare guide		</ri>
		<ri id = "594" url = "http://www.nhs.uk/conditions/pregnancy-and-baby/pages/fussy-eaters.aspx">
Problems with eating		</ri>
		<ri id = "593" url = "http://www.nhs.uk/conditions/pregnancy-and-baby/pages/childrens-meal-ideas.aspx">
Healthy meal ideas		</ri>
		<ri id = "595" url = "http://www.nhs.uk/conditions/pregnancy-and-baby/pages/dealing-with-difficult-behaviour.aspx">
Understanding difficult behaviour		</ri>
		<ri id = "598" url = "http://www.nhs.uk/Livewell/childhealth1-5/Pages/Firstdayofschool.aspx">
Starting school		</ri>
		<ri id = "584" url = "http://www.nhs.uk/Conditions/contraception-guide/Pages/what-is-contraception.aspx">
Contraception guide		</ri>
	</link_items>
	<qvars>
		<v  name = "age">
<val>under_25</val><val>25_39</val><val>40_59</val><val>60_</val>		</v>
	</qvars>
	<info_boxes>
		<ib  id = "0">
			<title><![CDATA[]]></title>
			<body><![CDATA[]]></body>
			<name><![CDATA[]]></name>
		</ib>
		<ib  id = "253">
			<title><![CDATA[Signs of postnatal depression]]></title>
			<body><![CDATA[<div>Getting depression after a baby is born can be very distressing. There are a number of symptoms. Some symptoms, such as tiredness, irritability or a poor appetite, are normal if you have just had a baby. Usually these are mild and do not stop you leading a normal life.&nbsp;</div><div><br></div><div>If you have postnatal depression, you may be increasingly depressed and despondent. Looking after yourself or the baby may become too much.</div><div><br></div><div>It usually occurs two to eight weeks after the birth and in some cases the baby blues don't go away. Sometimes the depression doesn't appear until up to a year after the baby is born.&nbsp;</div><div><br></div>]]></body>
			<name><![CDATA[Signs of postnatal depression]]></name>
		</ib>
		<ib  id = "260">
			<title><![CDATA[Potty training]]></title>
			<body><![CDATA[<div>Children get bladder and bowel control when they're physically ready for it, and when they want to be dry and clean. Every child is different, so it's best not to compare your child with others.</div><div><br></div><div>It usually takes a little longer to learn to stay dry throughout the night. Most children learn this between the ages of three and five. It's estimated that one in four three year olds and one in six five year olds wet the bed.</div>]]></body>
			<name><![CDATA[Potty training]]></name>
		</ib>
		<ib  id = "257">
			<title><![CDATA[Why playing is important]]></title>
			<body><![CDATA[<div>We all know that playing is fun, but it's also the most effective way for children to learn. By playing, children can practise all the skills they'll need as they grow up.</div><div><br></div><div>To grow and develop, children need time and attention from someone who is happy to play with them. Gradually, they'll learn to entertain themselves for some of the time.</div><div><br></div><div>It can be hard to find time to play with your child when you're busy. Try to find ways of involving your child in what you're doing, even the chores. Children learn from everything they do and everything that's going on around them. &nbsp;</div><div><br></div>]]></body>
			<name><![CDATA[Why playing is important]]></name>
		</ib>
		<ib  id = "256">
			<title><![CDATA[More on vaccinations]]></title>
			<body><![CDATA[<div>It's important that your baby has their vaccinations at the right age, to keep the risk of disease and any side effects as low as possible. All childhood vaccinations are free. Your GP or clinic will usually send you an appointment for vaccinations. Here's a quick guide to when vaccinations are due:</div><div><br></div><div><ul><li>2 months: diptheria, tetanus, whooping cough, polio and Hib (DTaP/IPV/Hib) plus pneumococcal and rotavirus</li><li>3 months: DTaP/IPV/Hib; meningitis C (Men C) and rotavirus</li><li>4 months: DTap/IPV/Hib and pneumococcal</li><li>12-13 months: measles, mumps and rubella (MMR), pneumococcal (PCV), Hib/MenC booster.</li><li>Three years, four months: DTap/IPV; MMR.</li></ul></div>]]></body>
			<name><![CDATA[More on vaccinations]]></name>
		</ib>
		<ib  id = "254">
			<title><![CDATA[Signs of unhealthy stress]]></title>
			<body><![CDATA[<div>Small children take a lot of looking after, but perhaps the most stressful thing is having to cope with everything else in life as well.&nbsp;</div><div><br></div><div>Sometimes you can feel as though life is out of control. If you're a person who likes to be in control and worries about things getting done, this can make you feel tense and frustrated.</div><div><br></div><div>Signs of unhealthy stress include:</div><div><br></div><div><ul><li>anger</li><li>depression</li><li>anxiety</li><li>panic attacks</li><li>chest pains</li><li>dizziness</li></ul></div>]]></body>
			<name><![CDATA[Signs of unhealthy stress]]></name>
		</ib>
		<ib  id = "258">
			<title><![CDATA[Safety for under-fives]]></title>
			<body><![CDATA[<div>Accidents are one of the leading causes of death among children aged between one and five. Every year, about 500,000 children under five go to hospital because of an accident in the home.</div><div><br></div><div>Exploring and playing are an essential part of learning and children shouldn't be wrapped in cottonwool. Bumps and bruises are inevitable, but you can do some simple things to make sure your child doesn't get seriously injured.</div><div><br></div><div>Find out more about safety for under-fives by following the useful links at the end of this tool.</div>]]></body>
			<name><![CDATA[Safety for under-fives]]></name>
		</ib>
		<ib  id = "259">
			<title><![CDATA[More on toddler tantrums]]></title>
			<body><![CDATA[<div>Temper tantrums usually start at around 18 months. They're very common at that age: one in five two-year-olds has a temper tantrum every day. One reason for this is that two year olds really want to express themselves, but find it difficult.</div><div><br></div><div>They feel frustrated and the frustration comes out as a tantrum. Once a child can talk more, they're less likely to have tantrums. Tantrums are far less common by about the age of four.</div>]]></body>
			<name><![CDATA[More on toddler tantrums]]></name>
		</ib>
		<ib  id = "261">
			<title><![CDATA[School starting dates]]></title>
			<body><![CDATA[<div>Legally, children must start formal education no later than the beginning of the school term following their fifth birthday. Many infant and primary schools admit children to their reception classes when they are four.</div><div><br></div><div>If you're offered a school place for your child when they're four, but would rather they started school later in the school year, you can ask the school to defer entry. But you must take the place during that school year. You can't hold it over to the next year.</div><div><br></div><div>Schools can only offer a certain number of places, so start looking early. You can get a list of local schools and information about them from your local education department.</div>]]></body>
			<name><![CDATA[School starting dates]]></name>
		</ib>
		<ib  id = "255">
			<title><![CDATA[Contraception and breastfeeding]]></title>
			<body><![CDATA[<div>You can get pregnant as little as three weeks after the birth of a baby. This can happen even if you're breastfeeding, and even if you haven't started your periods again.</div><div><br></div><div>You can use male and female condoms as soon as you feel ready to have sex. The combined pill, progestogen-only pill and contraceptive implants can be used from 21 days after the birth. However, the combined pill is not recommended if you're breastfeeding, as it can affect your milk supply.</div><div><br></div><div>You can usually have a contraceptive injection or start using a diaphragm or cap around six weeks after giving birth. If you used a diaphragm or cap before becoming pregnant, see your GP or family planning clinic to ensure that it still fits correctly, as childbirth and other factors such as weight loss/gain can have a significant effect. An IUD (coil) or IUS can usually be fitted six to eight weeks after giving birth.</div>]]></body>
			<name><![CDATA[Contraception and breastfeeding]]></name>
		</ib>
	</info_boxes>
	<videos>
	</videos>
</root>
