<?xml version="1.0" encoding="utf-8"?>
<root>
	<config>
		<id>72</id>		
		<title>Sleep self-assessment</title>		
		<colour_1>333399|6061CA</colour_1>
		<colour_2>333399|6061CA</colour_2>
		<colour_3>669900|9BC363</colour_3>
		<intro_title><![CDATA[Do you have a sleep problem?]]></intro_title>		
		<intro_copy><![CDATA[Most people experience problems with sleep in their life. it is thought that a third of people in the UK have an episode of insomnia at some point.<br><br>This short test from Sleepio is designed to find out if you are experiencing symptoms of insomnia. It will also give you practical tips and advice for improving your sleep.<br>]]></intro_copy>		
		<intro_copy_alt><![CDATA[Most people experience problems with sleep in their life. In fact, it's thought that a third of Brits will have episodes of insomnia at some point.&nbsp;<br><br>The causes can include physical conditions, psychological conditions (such as depression or anxiety) or a combination of both.<br><br>This short test from Sleepio will give you a 'sleep score' plus practical tips and advice for improving your sleep.<br>]]></intro_copy_alt>		
		<intro_foot><![CDATA[<p class="p1">Based on the Sleepio sleep test. Reproduced with permission. Copyright© 2012 Big Health Ltd.</p>]]></intro_foot>		
		<intro_graphic><![CDATA[]]></intro_graphic>		
		<intro_graphic_alt><![CDATA[Sleepio logo sml.png]]></intro_graphic_alt>		
		<hr_intro_graphic_alt><![CDATA[]]></hr_intro_graphic_alt>		
		<intro_graphic_position><![CDATA[6]]></intro_graphic_position>		
		<intro_graphic_position_m><![CDATA[7]]></intro_graphic_position_m>		
		<dimensions_f>362x430</dimensions_f>		
		<dimensions_j>362x430</dimensions_j>		
		<print_title>Your checklist</print_title>		
		<reporting>0</reporting>		
		<syndication_footer>0</syndication_footer>		
		<img_alt>sleep</img_alt>		
		<js_body_w>100%</js_body_w>		
		<js_body_top>1em</js_body_top>		
		<js_body_left>0em</js_body_left>		
	</config>
	<questions>
		<q type = "single select" info_box = "0" info_box_position = "0">
			<title><![CDATA[New question]]></title>
			<body><![CDATA[Thinking about a typical night in the last month, how long does it take you to fall asleep?]]></body>
			<answers>
				<a>
					<body><![CDATA[0-15 minutes]]></body>
					<actions>
						<ac>
							<type><![CDATA[points]]></type>
							<operator><![CDATA[+]]></operator>
							<value><![CDATA[4]]></value>
						</ac>
					</actions>
				</a>
				<a>
					<body><![CDATA[16-30 minutes]]></body>
					<actions>
						<ac>
							<type><![CDATA[points]]></type>
							<operator><![CDATA[+]]></operator>
							<value><![CDATA[3]]></value>
						</ac>
					</actions>
				</a>
				<a>
					<body><![CDATA[31-45 minutes]]></body>
					<actions>
						<ac>
							<type><![CDATA[points]]></type>
							<operator><![CDATA[+]]></operator>
							<value><![CDATA[2]]></value>
						</ac>
					</actions>
				</a>
				<a>
					<body><![CDATA[46-60 minutes]]></body>
					<actions>
						<ac>
							<type><![CDATA[points]]></type>
							<operator><![CDATA[+]]></operator>
							<value><![CDATA[1]]></value>
						</ac>
					</actions>
				</a>
				<a>
					<body><![CDATA[More than 61 minutes]]></body>
					<actions>
						<ac>
							<type><![CDATA[points]]></type>
							<operator><![CDATA[+]]></operator>
							<value><![CDATA[0]]></value>
						</ac>
					</actions>
				</a>
			</answers>
		</q>
		<q type = "single select" info_box = "0" info_box_position = "0">
			<title><![CDATA[New question]]></title>
			<body><![CDATA[Thinking about a typical night in the last month, if you wake up, how long are you awake for in total?]]></body>
			<answers>
				<a>
					<body><![CDATA[0-15 minutes]]></body>
					<actions>
						<ac>
							<type><![CDATA[points]]></type>
							<operator><![CDATA[+]]></operator>
							<value><![CDATA[4]]></value>
						</ac>
					</actions>
				</a>
				<a>
					<body><![CDATA[16-30 minutes]]></body>
					<actions>
						<ac>
							<type><![CDATA[points]]></type>
							<operator><![CDATA[+]]></operator>
							<value><![CDATA[3]]></value>
						</ac>
					</actions>
				</a>
				<a>
					<body><![CDATA[31-45 minutes]]></body>
					<actions>
						<ac>
							<type><![CDATA[points]]></type>
							<operator><![CDATA[+]]></operator>
							<value><![CDATA[2]]></value>
						</ac>
					</actions>
				</a>
				<a>
					<body><![CDATA[46-60 minutes]]></body>
					<actions>
						<ac>
							<type><![CDATA[points]]></type>
							<operator><![CDATA[+]]></operator>
							<value><![CDATA[1]]></value>
						</ac>
					</actions>
				</a>
				<a>
					<body><![CDATA[More than 61 minutes]]></body>
					<actions>
						<ac>
							<type><![CDATA[points]]></type>
							<operator><![CDATA[+]]></operator>
							<value><![CDATA[0]]></value>
						</ac>
					</actions>
				</a>
			</answers>
		</q>
		<q type = "single select" info_box = "0" info_box_position = "0">
			<title><![CDATA[New question]]></title>
			<body><![CDATA[Thinking about the last month, how many nights a week do you have a problem with your sleep?]]></body>
			<answers>
				<a>
					<body><![CDATA[0-1 nights]]></body>
					<actions>
						<ac>
							<type><![CDATA[points]]></type>
							<operator><![CDATA[+]]></operator>
							<value><![CDATA[4]]></value>
						</ac>
					</actions>
				</a>
				<a>
					<body><![CDATA[2 nights]]></body>
					<actions>
						<ac>
							<type><![CDATA[points]]></type>
							<operator><![CDATA[+]]></operator>
							<value><![CDATA[3]]></value>
						</ac>
					</actions>
				</a>
				<a>
					<body><![CDATA[3 nights]]></body>
					<actions>
						<ac>
							<type><![CDATA[points]]></type>
							<operator><![CDATA[+]]></operator>
							<value><![CDATA[2]]></value>
						</ac>
					</actions>
				</a>
				<a>
					<body><![CDATA[4 nights]]></body>
					<actions>
						<ac>
							<type><![CDATA[points]]></type>
							<operator><![CDATA[+]]></operator>
							<value><![CDATA[1]]></value>
						</ac>
					</actions>
				</a>
				<a>
					<body><![CDATA[5-7 nights]]></body>
					<actions>
						<ac>
							<type><![CDATA[points]]></type>
							<operator><![CDATA[+]]></operator>
							<value><![CDATA[0]]></value>
						</ac>
					</actions>
				</a>
			</answers>
		</q>
		<q type = "single select" info_box = "0" info_box_position = "0">
			<title><![CDATA[New question]]></title>
			<body><![CDATA[Thinking about a typical night in the last month, how would you rate your sleep quality?]]></body>
			<answers>
				<a>
					<body><![CDATA[Very good]]></body>
					<actions>
						<ac>
							<type><![CDATA[points]]></type>
							<operator><![CDATA[+]]></operator>
							<value><![CDATA[4]]></value>
						</ac>
					</actions>
				</a>
				<a>
					<body><![CDATA[Good]]></body>
					<actions>
						<ac>
							<type><![CDATA[points]]></type>
							<operator><![CDATA[+]]></operator>
							<value><![CDATA[3]]></value>
						</ac>
					</actions>
				</a>
				<a>
					<body><![CDATA[Average]]></body>
					<actions>
						<ac>
							<type><![CDATA[points]]></type>
							<operator><![CDATA[+]]></operator>
							<value><![CDATA[2]]></value>
						</ac>
					</actions>
				</a>
				<a>
					<body><![CDATA[Poor]]></body>
					<actions>
						<ac>
							<type><![CDATA[points]]></type>
							<operator><![CDATA[+]]></operator>
							<value><![CDATA[1]]></value>
						</ac>
					</actions>
				</a>
				<a>
					<body><![CDATA[Very poor]]></body>
					<actions>
						<ac>
							<type><![CDATA[points]]></type>
							<operator><![CDATA[+]]></operator>
							<value><![CDATA[0]]></value>
						</ac>
					</actions>
				</a>
			</answers>
		</q>
		<q type = "single select" info_box = "0" info_box_position = "0">
			<title><![CDATA[New question]]></title>
			<body><![CDATA[Thinking about the past month, to what extent has poor sleep affected your mood, energy, or relationships?]]></body>
			<answers>
				<a>
					<body><![CDATA[Not at all]]></body>
					<actions>
						<ac>
							<type><![CDATA[points]]></type>
							<operator><![CDATA[+]]></operator>
							<value><![CDATA[4]]></value>
						</ac>
					</actions>
				</a>
				<a>
					<body><![CDATA[A little]]></body>
					<actions>
						<ac>
							<type><![CDATA[points]]></type>
							<operator><![CDATA[+]]></operator>
							<value><![CDATA[3]]></value>
						</ac>
					</actions>
				</a>
				<a>
					<body><![CDATA[Somewhat]]></body>
					<actions>
						<ac>
							<type><![CDATA[points]]></type>
							<operator><![CDATA[+]]></operator>
							<value><![CDATA[2]]></value>
						</ac>
					</actions>
				</a>
				<a>
					<body><![CDATA[Much]]></body>
					<actions>
						<ac>
							<type><![CDATA[points]]></type>
							<operator><![CDATA[+]]></operator>
							<value><![CDATA[1]]></value>
						</ac>
					</actions>
				</a>
				<a>
					<body><![CDATA[Very much]]></body>
					<actions>
						<ac>
							<type><![CDATA[points]]></type>
							<operator><![CDATA[+]]></operator>
							<value><![CDATA[0]]></value>
						</ac>
					</actions>
				</a>
			</answers>
		</q>
		<q type = "single select" info_box = "0" info_box_position = "0">
			<title><![CDATA[New question]]></title>
			<body><![CDATA[Thinking about the past month, to what extent has poor sleep affected your concentration, productivity, or ability to stay awake?]]></body>
			<answers>
				<a>
					<body><![CDATA[Not at all]]></body>
					<actions>
						<ac>
							<type><![CDATA[points]]></type>
							<operator><![CDATA[+]]></operator>
							<value><![CDATA[4]]></value>
						</ac>
					</actions>
				</a>
				<a>
					<body><![CDATA[A little]]></body>
					<actions>
						<ac>
							<type><![CDATA[points]]></type>
							<operator><![CDATA[+]]></operator>
							<value><![CDATA[3]]></value>
						</ac>
					</actions>
				</a>
				<a>
					<body><![CDATA[Somewhat]]></body>
					<actions>
						<ac>
							<type><![CDATA[points]]></type>
							<operator><![CDATA[+]]></operator>
							<value><![CDATA[2]]></value>
						</ac>
					</actions>
				</a>
				<a>
					<body><![CDATA[Much]]></body>
					<actions>
						<ac>
							<type><![CDATA[points]]></type>
							<operator><![CDATA[+]]></operator>
							<value><![CDATA[1]]></value>
						</ac>
					</actions>
				</a>
				<a>
					<body><![CDATA[Very much]]></body>
					<actions>
						<ac>
							<type><![CDATA[points]]></type>
							<operator><![CDATA[+]]></operator>
							<value><![CDATA[0]]></value>
						</ac>
					</actions>
				</a>
			</answers>
		</q>
		<q type = "single select" info_box = "0" info_box_position = "0">
			<title><![CDATA[New question]]></title>
			<body><![CDATA[Thinking about the past month, to what extent has poor sleep troubled you in general?]]></body>
			<answers>
				<a>
					<body><![CDATA[Not at all]]></body>
					<actions>
						<ac>
							<type><![CDATA[points]]></type>
							<operator><![CDATA[+]]></operator>
							<value><![CDATA[4]]></value>
						</ac>
					</actions>
				</a>
				<a>
					<body><![CDATA[A little]]></body>
					<actions>
						<ac>
							<type><![CDATA[points]]></type>
							<operator><![CDATA[+]]></operator>
							<value><![CDATA[3]]></value>
						</ac>
					</actions>
				</a>
				<a>
					<body><![CDATA[Somewhat]]></body>
					<actions>
						<ac>
							<type><![CDATA[points]]></type>
							<operator><![CDATA[+]]></operator>
							<value><![CDATA[2]]></value>
						</ac>
					</actions>
				</a>
				<a>
					<body><![CDATA[Much]]></body>
					<actions>
						<ac>
							<type><![CDATA[points]]></type>
							<operator><![CDATA[+]]></operator>
							<value><![CDATA[1]]></value>
						</ac>
					</actions>
				</a>
				<a>
					<body><![CDATA[Very much]]></body>
					<actions>
						<ac>
							<type><![CDATA[points]]></type>
							<operator><![CDATA[+]]></operator>
							<value><![CDATA[0]]></value>
						</ac>
					</actions>
				</a>
			</answers>
		</q>
		<q type = "single select" info_box = "0" info_box_position = "0">
			<title><![CDATA[New question]]></title>
			<body><![CDATA[How long have you had a problem with your sleep?]]></body>
			<answers>
				<a>
					<body><![CDATA[I don't have a problem (or I've had a problem for less than one month)]]></body>
					<actions>
						<ac>
							<type><![CDATA[points]]></type>
							<operator><![CDATA[+]]></operator>
							<value><![CDATA[4]]></value>
						</ac>
					</actions>
				</a>
				<a>
					<body><![CDATA[1-2 months]]></body>
					<actions>
						<ac>
							<type><![CDATA[points]]></type>
							<operator><![CDATA[+]]></operator>
							<value><![CDATA[3]]></value>
						</ac>
					</actions>
				</a>
				<a>
					<body><![CDATA[3-6 months]]></body>
					<actions>
						<ac>
							<type><![CDATA[points]]></type>
							<operator><![CDATA[+]]></operator>
							<value><![CDATA[2]]></value>
						</ac>
					</actions>
				</a>
				<a>
					<body><![CDATA[7-12 months]]></body>
					<actions>
						<ac>
							<type><![CDATA[points]]></type>
							<operator><![CDATA[+]]></operator>
							<value><![CDATA[1]]></value>
						</ac>
					</actions>
				</a>
				<a>
					<body><![CDATA[Longer than a year]]></body>
					<actions>
						<ac>
							<type><![CDATA[points]]></type>
							<operator><![CDATA[+]]></operator>
							<value><![CDATA[0]]></value>
						</ac>
					</actions>
				</a>
			</answers>
		</q>
	</questions>
	<results>
		<ri type = "progress bar" p1 = "0" p2 = "32" p3 = "Points"><![CDATA[Here's your sleep score]]></ri>
		<ri type = "points triggered result" p1 = "0" p2 = "10" p3 = ""><![CDATA[Your sleep score is very poor and the answers you have given indicate that you're experiencing a number of symptoms of insomnia. Episodes of insomnia are common, in fact, it's estimated that a third of us will struggle with it at some time in our lives.&nbsp;<div><br><div><div>There are various things you can do to help you get to sleep. This is often referred to as 'good sleep hygiene'. For example:</div><div><ul><li>avoid caffeine later in the day</li><li>avoid alcohol as this is known to disturb sleep</li><li>avoid heavy meals late at night</li><li>stick to regular times to go to bed and get up</li><li>use thick curtains, blinds or an eye mask to stop you being woken up by light</li><li>try earplugs to stop any noise disturbing you</li><li>try taking a warm bath an hour before you go to bed</li><li>try listening to calming music or reading a book</li><li>avoid watching TV or using mobile devices in the bedroom</li></ul></div><div>However, if your sleep problems are affecting your daily life, it’s time to see your GP. You could take the results of this test to discuss with your GP or, even better, keep a sleep diary for two weeks before you go. Check useful links for a range of information and advice.</div></div></div>]]></ri>
		<ri type = "points triggered result" p1 = "10" p2 = "16" p3 = ""><![CDATA[Your sleep score is poor and the answers you have given indicate that you're experiencing a number of symptoms of insomnia. Episodes of insomnia are common, in fact, it's estimated that a third of us will struggle with it at some time in our lives.&nbsp;<div><br><div><div>There are various things you can do to help you get to sleep. This is often referred to as 'good sleep hygiene'. For example:</div><div><ul><li>avoid caffeine later in the day</li><li>avoid alcohol as this is known to disturb sleep</li><li>avoid heavy meals late at night</li><li>stick to regular times to go to bed and get up</li><li>use thick curtains, blinds or an eye mask to stop you being woken up by light</li><li>try earplugs to stop any noise disturbing you</li><li>try taking a warm bath an hour before you go to bed</li><li>try listening to calming music or reading a book</li><li>avoid watching TV or using mobile devices in the bedroom</li></ul></div><div>However, if your sleep problems are affecting your daily life, it’s time to see your GP. You could take the results of this test to discuss with your GP or, even better, keep a sleep diary for two weeks before you go. Check useful links for a range of information and advice.</div></div></div>]]></ri>
		<ri type = "points triggered result" p1 = "16" p2 = "25" p3 = ""><![CDATA[Your sleep score is OK but some of the answers you have given indicate that you're experiencing a few symptoms of insomnia. Episodes of insomnia are common, in fact, it's estimated that a third of us will struggle with it at some time in our lives.&nbsp;<div><br><div><div>There are various things you can do to help you get to sleep. This is often referred to as 'good sleep hygiene'. For example:</div><div><ul><li>avoid caffeine later in the day</li><li>avoid alcohol as this is known to disturb sleep</li><li>avoid heavy meals late at night</li><li>stick to regular times to go to bed and get up</li><li>use thick curtains, blinds or an eye mask to stop you being woken up by light</li><li>try earplugs to stop any noise disturbing you</li><li>try taking a warm bath an hour before you go to bed</li><li>try listening to calming music or reading a book</li><li>avoid watching TV or using mobile devices in the bedroom</li></ul></div><div>If your sleep problems are affecting your daily life, it’s time to see your GP. You could take the results of this test to discuss with your GP or, even better, keep a sleep diary for two weeks before you go. Check useful links for a range of information and advice.</div></div></div>]]></ri>
		<ri type = "points triggered result" p1 = "25" p2 = "27" p3 = ""><![CDATA[Your sleep score is good and doesn't indicate that you're struggling with insomnia at the moment. Episodes of insomnia are common though and it's estimated that a third of us will struggle with it at some time in our lives. Stress and anxiety are common triggers.<div><br><div><div>There are various good habits we should all get into to maximise our chances of a good night's sleep. This is often referred to as 'good sleep hygiene'. For example:</div><div><ul><li>avoid caffeine later in the day</li><li>avoid alcohol as this is known to disturb sleep</li><li>avoid heavy meals late at night</li><li>stick to regular times to go to bed and get up</li><li>use thick curtains, blinds or an eye mask to stop you being woken up by light</li><li>try earplugs to stop any noise disturbing you</li><li>try taking a warm bath an hour before you go to bed</li><li>try listening to calming music or reading a book</li><li>avoid watching TV or using mobile devices in the bedroom</li></ul></div><div>Check useful links for a range of further information and advice.</div></div></div>]]></ri>
		<ri type = "points triggered result" p1 = "27" p2 = "35" p3 = ""><![CDATA[Your sleep score is excellent and indicates that you're not struggling with insomnia at the moment. Episodes of insomnia are common though and it's estimated that a third of us will struggle with it at some time in our lives. Stress and anxiety are common triggers.<div><br><div><div>There are various good habits we should all get into to maximise our chances of a good night's sleep. This is often referred to as 'good sleep hygiene'. For example:</div><div><ul><li>avoid caffeine later in the day</li><li>avoid alcohol as this is known to disturb sleep</li><li>avoid heavy meals late at night</li><li>stick to regular times to go to bed and get up</li><li>use thick curtains, blinds or an eye mask to stop you being woken up by light</li><li>try earplugs to stop any noise disturbing you</li><li>try taking a warm bath an hour before you go to bed</li><li>try listening to calming music or reading a book</li><li>avoid watching TV or using mobile devices in the bedroom</li></ul></div><div>Check useful links for a range of further information and advice.</div></div></div>]]></ri>
	</results>
	<links>
		<li type = "text" p1 = "" p2 = ""><![CDATA[Here are some links that you might find useful:]]></li>
		<li type = "obligatory link" p1 = "" p2 = ""><![CDATA[650]]></li>
		<li type = "obligatory link" p1 = "" p2 = ""><![CDATA[651]]></li>
		<li type = "obligatory link" p1 = "" p2 = ""><![CDATA[652]]></li>
		<li type = "obligatory link" p1 = "" p2 = ""><![CDATA[653]]></li>
		<li type = "obligatory link" p1 = "" p2 = ""><![CDATA[654]]></li>
		<li type = "obligatory link" p1 = "" p2 = ""><![CDATA[655]]></li>
		<li type = "obligatory link" p1 = "" p2 = ""><![CDATA[656]]></li>
	</links>
	<result_items>
	</result_items>
	<link_items>
		<ri id = "650" url = "http://www.nhs.uk/LiveWell/sleep/Pages/sleep-home.aspx"><![CDATA[Explore the NHS Choices sleep section]]></ri>		<ri id = "651" url = "http://www.nhs.uk/Livewell/insomnia/Pages/bedtimeritual.aspx"><![CDATA[How to get to sleep]]></ri>		<ri id = "652" url = "http://www.nhs.uk/Livewell/insomnia/Pages/insomniatips.aspx"><![CDATA[10 tips to beat insomnia]]></ri>		<ri id = "653" url = "http://www.nhs.uk/Livewell/insomnia/Pages/treatment.aspx"><![CDATA[Sleeping pills and the alternatives]]></ri>		<ri id = "654" url = "http://www.nhs.uk/Livewell/tiredness-and-fatigue/Pages/lack-of-sleep-health-risks.aspx"><![CDATA[Why lack of sleep is bad for your health]]></ri>		<ri id = "655" url = "http://www.nhs.uk/Video/Pages/sleep-problems-podcast.aspx"><![CDATA[Moodzone: CBT techniques for sleep problems]]></ri>		<ri id = "656" url = "http://www.sleepio.com/"><![CDATA[Sleepio: an online CBT programme for sleep problems]]></ri>	</link_items>
	<qvars>
	</qvars>
	<info_boxes>
		<ib  id = "0">
			<title><![CDATA[]]></title>
			<body><![CDATA[]]></body>
			<name><![CDATA[]]></name>
		</ib>
	</info_boxes>
	<videos>
	</videos>
</root>
