<?xml version="1.0" encoding="utf-8"?>
<root>
	<config>
		<id>44</id>		
		<title>Mood self-assessment</title>		
		<colour_1>0064B7|0684EB</colour_1>
		<colour_2>990000|DD645F</colour_2>
		<colour_3>669900|9BC363</colour_3>
		<intro_title><![CDATA[]]></intro_title>		
		<intro_copy><![CDATA[We all expect to get a cold or sore throat from time to time but when it comes to the way we feel emotionally, it can be hard to recognise or admit that we're not feeling 100%.<br><br>This questionnaire is&nbsp;designed&nbsp;to recommend some excellent resources to help you better understand how you feel. You should answer based on how you've been feeling over the last <b>two weeks</b>.<br><br>You may find that your mood usually goes both up and down, so use this questionnaire to monitor it over time but remember, it is not intended to replace a consultation with a GP if you are struggling.]]></intro_copy>		
		<intro_copy_alt><![CDATA[We all expect to get a cold or sore throat from time to time but when it comes to the way we feel emotionally, it can be hard to recognise or admit that we're not feeling 100%.<br><br>This questionnaire is&nbsp;designed&nbsp;to recommend some excellent resources to help you better understand how you feel. You should answer based on how you've been feeling over the last&nbsp;<b>two weeks</b>.<br><br>You may find that your mood usually goes both up and down, so use this questionnaire to monitor it over time but remember, it is not intended to replace a consultation with a GP if you are struggling.]]></intro_copy_alt>		
		<intro_foot><![CDATA[<br>]]></intro_foot>		
		<intro_graphic><![CDATA[checkYourMood.png]]></intro_graphic>		
		<intro_graphic_alt><![CDATA[checkYourMood.png]]></intro_graphic_alt>		
		<hr_intro_graphic_alt><![CDATA[checkYourMood_retina.png]]></hr_intro_graphic_alt>		
		<intro_graphic_position><![CDATA[2]]></intro_graphic_position>		
		<dimensions_f>362x500</dimensions_f>		
		<dimensions_j>362x500</dimensions_j>		
		<print_title>Your results</print_title>		
		<reporting>1</reporting>		
		<syndication_footer>0</syndication_footer>		
		<img_alt></img_alt>		
		<js_body_w>100%</js_body_w>		
		<js_body_top>1em</js_body_top>		
		<js_body_left>0em</js_body_left>		
	</config>
	<questions>
		<q type = "single select" info_box = "188" info_box_position = "0">
			<title><![CDATA[New question]]></title>
			<body><![CDATA[How often have you had little interest or pleasure in doing things?]]></body>
			<answers>
				<a>
					<body><![CDATA[ Not at all]]></body>
					<actions>
						<ac>
							<type><![CDATA[points]]></type>
							<operator><![CDATA[+]]></operator>
							<value><![CDATA[0]]></value>
						</ac>
					</actions>
				</a>
				<a>
					<body><![CDATA[ Several days]]></body>
					<actions>
						<ac>
							<type><![CDATA[points]]></type>
							<operator><![CDATA[+]]></operator>
							<value><![CDATA[1]]></value>
						</ac>
					</actions>
				</a>
				<a>
					<body><![CDATA[ More than half the days]]></body>
					<actions>
						<ac>
							<type><![CDATA[points]]></type>
							<operator><![CDATA[+]]></operator>
							<value><![CDATA[2]]></value>
						</ac>
					</actions>
				</a>
				<a>
					<body><![CDATA[ Nearly every day]]></body>
					<actions>
						<ac>
							<type><![CDATA[points]]></type>
							<operator><![CDATA[+]]></operator>
							<value><![CDATA[3]]></value>
						</ac>
					</actions>
				</a>
			</answers>
		</q>
		<q type = "single select" info_box = "0" info_box_position = "0">
			<title><![CDATA[New question]]></title>
			<body><![CDATA[How often have you been bothered by feeling down, depressed or hopeless?]]></body>
			<answers>
				<a>
					<body><![CDATA[ Not at all]]></body>
					<actions>
						<ac>
							<type><![CDATA[points]]></type>
							<operator><![CDATA[+]]></operator>
							<value><![CDATA[0]]></value>
						</ac>
					</actions>
				</a>
				<a>
					<body><![CDATA[ Several days]]></body>
					<actions>
						<ac>
							<type><![CDATA[points]]></type>
							<operator><![CDATA[+]]></operator>
							<value><![CDATA[1]]></value>
						</ac>
						<ac>
							<type><![CDATA[link]]></type>
							<value><![CDATA[369]]></value>
						</ac>
					</actions>
				</a>
				<a>
					<body><![CDATA[ More than half the days]]></body>
					<actions>
						<ac>
							<type><![CDATA[points]]></type>
							<operator><![CDATA[+]]></operator>
							<value><![CDATA[2]]></value>
						</ac>
						<ac>
							<type><![CDATA[link]]></type>
							<value><![CDATA[369]]></value>
						</ac>
					</actions>
				</a>
				<a>
					<body><![CDATA[ Nearly every day]]></body>
					<actions>
						<ac>
							<type><![CDATA[points]]></type>
							<operator><![CDATA[+]]></operator>
							<value><![CDATA[3]]></value>
						</ac>
						<ac>
							<type><![CDATA[link]]></type>
							<value><![CDATA[369]]></value>
						</ac>
					</actions>
				</a>
			</answers>
		</q>
		<q type = "single select" info_box = "0" info_box_position = "0">
			<title><![CDATA[New question]]></title>
			<body><![CDATA[How often have you been bothered by trouble falling or staying asleep, or sleeping too much?]]></body>
			<answers>
				<a>
					<body><![CDATA[ Not at all]]></body>
					<actions>
						<ac>
							<type><![CDATA[points]]></type>
							<operator><![CDATA[+]]></operator>
							<value><![CDATA[0]]></value>
						</ac>
					</actions>
				</a>
				<a>
					<body><![CDATA[ Several days]]></body>
					<actions>
						<ac>
							<type><![CDATA[points]]></type>
							<operator><![CDATA[+]]></operator>
							<value><![CDATA[1]]></value>
						</ac>
						<ac>
							<type><![CDATA[link]]></type>
							<value><![CDATA[370]]></value>
						</ac>
					</actions>
				</a>
				<a>
					<body><![CDATA[ More than half the days]]></body>
					<actions>
						<ac>
							<type><![CDATA[points]]></type>
							<operator><![CDATA[+]]></operator>
							<value><![CDATA[2]]></value>
						</ac>
						<ac>
							<type><![CDATA[link]]></type>
							<value><![CDATA[370]]></value>
						</ac>
					</actions>
				</a>
				<a>
					<body><![CDATA[ Nearly every day]]></body>
					<actions>
						<ac>
							<type><![CDATA[points]]></type>
							<operator><![CDATA[+]]></operator>
							<value><![CDATA[3]]></value>
						</ac>
						<ac>
							<type><![CDATA[link]]></type>
							<value><![CDATA[370]]></value>
						</ac>
					</actions>
				</a>
			</answers>
		</q>
		<q type = "single select" info_box = "0" info_box_position = "0">
			<title><![CDATA[New question]]></title>
			<body><![CDATA[How often have you been bothered by feeling tired or having little energy?]]></body>
			<answers>
				<a>
					<body><![CDATA[ Not at all]]></body>
					<actions>
						<ac>
							<type><![CDATA[points]]></type>
							<operator><![CDATA[+]]></operator>
							<value><![CDATA[0]]></value>
						</ac>
					</actions>
				</a>
				<a>
					<body><![CDATA[ Several days]]></body>
					<actions>
						<ac>
							<type><![CDATA[points]]></type>
							<operator><![CDATA[+]]></operator>
							<value><![CDATA[1]]></value>
						</ac>
					</actions>
				</a>
				<a>
					<body><![CDATA[ More than half the days]]></body>
					<actions>
						<ac>
							<type><![CDATA[points]]></type>
							<operator><![CDATA[+]]></operator>
							<value><![CDATA[2]]></value>
						</ac>
					</actions>
				</a>
				<a>
					<body><![CDATA[ Nearly every day]]></body>
					<actions>
						<ac>
							<type><![CDATA[points]]></type>
							<operator><![CDATA[+]]></operator>
							<value><![CDATA[3]]></value>
						</ac>
					</actions>
				</a>
			</answers>
		</q>
		<q type = "single select" info_box = "0" info_box_position = "0">
			<title><![CDATA[New question]]></title>
			<body><![CDATA[How often have you been bothered by poor appetite or overeating?]]></body>
			<answers>
				<a>
					<body><![CDATA[ Not at all]]></body>
					<actions>
						<ac>
							<type><![CDATA[points]]></type>
							<operator><![CDATA[+]]></operator>
							<value><![CDATA[0]]></value>
						</ac>
					</actions>
				</a>
				<a>
					<body><![CDATA[ Several days]]></body>
					<actions>
						<ac>
							<type><![CDATA[points]]></type>
							<operator><![CDATA[+]]></operator>
							<value><![CDATA[1]]></value>
						</ac>
					</actions>
				</a>
				<a>
					<body><![CDATA[ More than half the days]]></body>
					<actions>
						<ac>
							<type><![CDATA[points]]></type>
							<operator><![CDATA[+]]></operator>
							<value><![CDATA[2]]></value>
						</ac>
					</actions>
				</a>
				<a>
					<body><![CDATA[ Nearly every day]]></body>
					<actions>
						<ac>
							<type><![CDATA[points]]></type>
							<operator><![CDATA[+]]></operator>
							<value><![CDATA[3]]></value>
						</ac>
					</actions>
				</a>
			</answers>
		</q>
		<q type = "single select" info_box = "0" info_box_position = "0">
			<title><![CDATA[New question]]></title>
			<body><![CDATA[<div>How often have you been bothered by feeling bad about yourself, or that you are a failure, or have let&nbsp;yourself or your family down?</div>]]></body>
			<answers>
				<a>
					<body><![CDATA[ Not at all]]></body>
					<actions>
						<ac>
							<type><![CDATA[points]]></type>
							<operator><![CDATA[+]]></operator>
							<value><![CDATA[0]]></value>
						</ac>
					</actions>
				</a>
				<a>
					<body><![CDATA[ Several days]]></body>
					<actions>
						<ac>
							<type><![CDATA[points]]></type>
							<operator><![CDATA[+]]></operator>
							<value><![CDATA[1]]></value>
						</ac>
					</actions>
				</a>
				<a>
					<body><![CDATA[ More than half the days]]></body>
					<actions>
						<ac>
							<type><![CDATA[points]]></type>
							<operator><![CDATA[+]]></operator>
							<value><![CDATA[2]]></value>
						</ac>
					</actions>
				</a>
				<a>
					<body><![CDATA[ Nearly every day]]></body>
					<actions>
						<ac>
							<type><![CDATA[points]]></type>
							<operator><![CDATA[+]]></operator>
							<value><![CDATA[3]]></value>
						</ac>
					</actions>
				</a>
			</answers>
		</q>
		<q type = "single select" info_box = "0" info_box_position = "0">
			<title><![CDATA[New question]]></title>
			<body><![CDATA[<div>How often have you been bothered by trouble concentrating on things, such as reading the newspaper or&nbsp;watching television?</div>]]></body>
			<answers>
				<a>
					<body><![CDATA[ Not at all]]></body>
					<actions>
						<ac>
							<type><![CDATA[points]]></type>
							<operator><![CDATA[+]]></operator>
							<value><![CDATA[0]]></value>
						</ac>
					</actions>
				</a>
				<a>
					<body><![CDATA[ Several days]]></body>
					<actions>
						<ac>
							<type><![CDATA[points]]></type>
							<operator><![CDATA[+]]></operator>
							<value><![CDATA[1]]></value>
						</ac>
					</actions>
				</a>
				<a>
					<body><![CDATA[ More than half the days]]></body>
					<actions>
						<ac>
							<type><![CDATA[points]]></type>
							<operator><![CDATA[+]]></operator>
							<value><![CDATA[2]]></value>
						</ac>
					</actions>
				</a>
				<a>
					<body><![CDATA[ Nearly every day]]></body>
					<actions>
						<ac>
							<type><![CDATA[points]]></type>
							<operator><![CDATA[+]]></operator>
							<value><![CDATA[3]]></value>
						</ac>
					</actions>
				</a>
			</answers>
		</q>
		<q type = "single select" info_box = "0" info_box_position = "0">
			<title><![CDATA[New question]]></title>
			<body><![CDATA[How often have you been bothered by moving or speaking so slowly that other people could have noticed - or the opposite - being so fidgety or restless that you have been moving around a lot more than usual?]]></body>
			<answers>
				<a>
					<body><![CDATA[ Not at all
]]></body>
					<actions>
						<ac>
							<type><![CDATA[points]]></type>
							<operator><![CDATA[+]]></operator>
							<value><![CDATA[0]]></value>
						</ac>
					</actions>
				</a>
				<a>
					<body><![CDATA[ Several days]]></body>
					<actions>
						<ac>
							<type><![CDATA[points]]></type>
							<operator><![CDATA[+]]></operator>
							<value><![CDATA[1]]></value>
						</ac>
					</actions>
				</a>
				<a>
					<body><![CDATA[ More than half the days]]></body>
					<actions>
						<ac>
							<type><![CDATA[points]]></type>
							<operator><![CDATA[+]]></operator>
							<value><![CDATA[2]]></value>
						</ac>
					</actions>
				</a>
				<a>
					<body><![CDATA[ Nearly every day]]></body>
					<actions>
						<ac>
							<type><![CDATA[points]]></type>
							<operator><![CDATA[+]]></operator>
							<value><![CDATA[3]]></value>
						</ac>
					</actions>
				</a>
			</answers>
		</q>
		<q type = "yes/no" info_box = "164" info_box_position = "0">
			<title><![CDATA[New question]]></title>
			<body><![CDATA[Have you had an anxiety attack (suddenly feeling fear or panic)?]]></body>
			<answers>
				<a>
					<body><![CDATA[yes]]></body>
					<actions>
						<ac>
							<type><![CDATA[result]]></type>
							<value><![CDATA[667]]></value>
						</ac>
						<ac>
							<type><![CDATA[link]]></type>
							<value><![CDATA[362]]></value>
						</ac>
					</actions>
				</a>
				<a>
					<body><![CDATA[no]]></body>
					<actions>
						<ac>
							<type><![CDATA[points]]></type>
							<operator><![CDATA[+]]></operator>
						</ac>
					</actions>
				</a>
			</answers>
		</q>
		<q type = "single select" info_box = "161" info_box_position = "0">
			<title><![CDATA[New question]]></title>
			<body><![CDATA[How often have you been bothered by feeling nervous, anxious or on edge?]]></body>
			<answers>
				<a>
					<body><![CDATA[ Not at all]]></body>
					<actions>
						<ac>
							<type><![CDATA[points]]></type>
							<operator><![CDATA[+]]></operator>
						</ac>
					</actions>
				</a>
				<a>
					<body><![CDATA[ Several days]]></body>
					<actions>
						<ac>
							<type><![CDATA[set variable]]></type>
							<sub_type><![CDATA[GAD:number]]></sub_type>
							<operator><![CDATA[+]]></operator>
							<value><![CDATA[1]]></value>
						</ac>
					</actions>
				</a>
				<a>
					<body><![CDATA[ More than half the days]]></body>
					<actions>
						<ac>
							<type><![CDATA[set variable]]></type>
							<sub_type><![CDATA[GAD:number]]></sub_type>
							<operator><![CDATA[+]]></operator>
							<value><![CDATA[2]]></value>
						</ac>
					</actions>
				</a>
				<a>
					<body><![CDATA[ Nearly every day]]></body>
					<actions>
						<ac>
							<type><![CDATA[set variable]]></type>
							<sub_type><![CDATA[GAD:number]]></sub_type>
							<operator><![CDATA[+]]></operator>
							<value><![CDATA[3]]></value>
						</ac>
					</actions>
				</a>
			</answers>
		</q>
		<q type = "single select" info_box = "0" info_box_position = "0">
			<title><![CDATA[New question]]></title>
			<body><![CDATA[How often have you been bothered by not being able to stop or control worrying?]]></body>
			<answers>
				<a>
					<body><![CDATA[ Not at all]]></body>
					<actions>
						<ac>
							<type><![CDATA[points]]></type>
							<operator><![CDATA[+]]></operator>
						</ac>
					</actions>
				</a>
				<a>
					<body><![CDATA[ Several days]]></body>
					<actions>
						<ac>
							<type><![CDATA[set variable]]></type>
							<sub_type><![CDATA[GAD:number]]></sub_type>
							<operator><![CDATA[+]]></operator>
							<value><![CDATA[1]]></value>
						</ac>
						<ac>
							<type><![CDATA[link]]></type>
							<value><![CDATA[372]]></value>
						</ac>
					</actions>
				</a>
				<a>
					<body><![CDATA[ More than half the days]]></body>
					<actions>
						<ac>
							<type><![CDATA[set variable]]></type>
							<sub_type><![CDATA[GAD:number]]></sub_type>
							<operator><![CDATA[+]]></operator>
							<value><![CDATA[2]]></value>
						</ac>
						<ac>
							<type><![CDATA[link]]></type>
							<value><![CDATA[372]]></value>
						</ac>
					</actions>
				</a>
				<a>
					<body><![CDATA[ Nearly every day]]></body>
					<actions>
						<ac>
							<type><![CDATA[set variable]]></type>
							<sub_type><![CDATA[GAD:number]]></sub_type>
							<operator><![CDATA[+]]></operator>
							<value><![CDATA[3]]></value>
						</ac>
						<ac>
							<type><![CDATA[link]]></type>
							<value><![CDATA[372]]></value>
						</ac>
					</actions>
				</a>
			</answers>
		</q>
		<q type = "single select" info_box = "0" info_box_position = "0">
			<title><![CDATA[New question]]></title>
			<body><![CDATA[How often have you been bothered by worrying too much about different things?]]></body>
			<answers>
				<a>
					<body><![CDATA[ Not at all]]></body>
					<actions>
						<ac>
							<type><![CDATA[points]]></type>
							<operator><![CDATA[+]]></operator>
						</ac>
					</actions>
				</a>
				<a>
					<body><![CDATA[ Several days]]></body>
					<actions>
						<ac>
							<type><![CDATA[set variable]]></type>
							<sub_type><![CDATA[GAD:number]]></sub_type>
							<operator><![CDATA[+]]></operator>
							<value><![CDATA[1]]></value>
						</ac>
					</actions>
				</a>
				<a>
					<body><![CDATA[ More than half the days]]></body>
					<actions>
						<ac>
							<type><![CDATA[set variable]]></type>
							<sub_type><![CDATA[GAD:number]]></sub_type>
							<operator><![CDATA[+]]></operator>
							<value><![CDATA[2]]></value>
						</ac>
					</actions>
				</a>
				<a>
					<body><![CDATA[ Nearly every day]]></body>
					<actions>
						<ac>
							<type><![CDATA[set variable]]></type>
							<sub_type><![CDATA[GAD:number]]></sub_type>
							<operator><![CDATA[+]]></operator>
							<value><![CDATA[3]]></value>
						</ac>
					</actions>
				</a>
			</answers>
		</q>
		<q type = "single select" info_box = "0" info_box_position = "0">
			<title><![CDATA[New question]]></title>
			<body><![CDATA[How often have you been bothered by having trouble relaxing?]]></body>
			<answers>
				<a>
					<body><![CDATA[ Not at all]]></body>
					<actions>
						<ac>
							<type><![CDATA[points]]></type>
							<operator><![CDATA[+]]></operator>
						</ac>
					</actions>
				</a>
				<a>
					<body><![CDATA[ Several days]]></body>
					<actions>
						<ac>
							<type><![CDATA[set variable]]></type>
							<sub_type><![CDATA[GAD:number]]></sub_type>
							<operator><![CDATA[+]]></operator>
							<value><![CDATA[1]]></value>
						</ac>
						<ac>
							<type><![CDATA[link]]></type>
							<value><![CDATA[373]]></value>
						</ac>
					</actions>
				</a>
				<a>
					<body><![CDATA[ More than half the days]]></body>
					<actions>
						<ac>
							<type><![CDATA[set variable]]></type>
							<sub_type><![CDATA[GAD:number]]></sub_type>
							<operator><![CDATA[+]]></operator>
							<value><![CDATA[2]]></value>
						</ac>
						<ac>
							<type><![CDATA[link]]></type>
							<value><![CDATA[373]]></value>
						</ac>
					</actions>
				</a>
				<a>
					<body><![CDATA[ Nearly every day]]></body>
					<actions>
						<ac>
							<type><![CDATA[set variable]]></type>
							<sub_type><![CDATA[GAD:number]]></sub_type>
							<operator><![CDATA[+]]></operator>
							<value><![CDATA[3]]></value>
						</ac>
						<ac>
							<type><![CDATA[link]]></type>
							<value><![CDATA[373]]></value>
						</ac>
					</actions>
				</a>
			</answers>
		</q>
		<q type = "single select" info_box = "0" info_box_position = "0">
			<title><![CDATA[New question]]></title>
			<body><![CDATA[How often have you been bothered by being so restless that it is hard to sit still?]]></body>
			<answers>
				<a>
					<body><![CDATA[ Not at all]]></body>
					<actions>
						<ac>
							<type><![CDATA[points]]></type>
							<operator><![CDATA[+]]></operator>
						</ac>
					</actions>
				</a>
				<a>
					<body><![CDATA[ Several days]]></body>
					<actions>
						<ac>
							<type><![CDATA[set variable]]></type>
							<sub_type><![CDATA[GAD:number]]></sub_type>
							<operator><![CDATA[+]]></operator>
							<value><![CDATA[1]]></value>
						</ac>
					</actions>
				</a>
				<a>
					<body><![CDATA[ More than half the days]]></body>
					<actions>
						<ac>
							<type><![CDATA[set variable]]></type>
							<sub_type><![CDATA[GAD:number]]></sub_type>
							<operator><![CDATA[+]]></operator>
							<value><![CDATA[2]]></value>
						</ac>
					</actions>
				</a>
				<a>
					<body><![CDATA[ Nearly every day]]></body>
					<actions>
						<ac>
							<type><![CDATA[set variable]]></type>
							<sub_type><![CDATA[GAD:number]]></sub_type>
							<operator><![CDATA[+]]></operator>
							<value><![CDATA[3]]></value>
						</ac>
					</actions>
				</a>
			</answers>
		</q>
		<q type = "single select" info_box = "0" info_box_position = "0">
			<title><![CDATA[New question]]></title>
			<body><![CDATA[How often have you been bothered by becoming easily annoyed or irritable?]]></body>
			<answers>
				<a>
					<body><![CDATA[ Not at all]]></body>
					<actions>
						<ac>
							<type><![CDATA[points]]></type>
							<operator><![CDATA[+]]></operator>
						</ac>
					</actions>
				</a>
				<a>
					<body><![CDATA[ Several days]]></body>
					<actions>
						<ac>
							<type><![CDATA[set variable]]></type>
							<sub_type><![CDATA[GAD:number]]></sub_type>
							<operator><![CDATA[+]]></operator>
							<value><![CDATA[1]]></value>
						</ac>
					</actions>
				</a>
				<a>
					<body><![CDATA[ More than half the days]]></body>
					<actions>
						<ac>
							<type><![CDATA[set variable]]></type>
							<sub_type><![CDATA[GAD:number]]></sub_type>
							<operator><![CDATA[+]]></operator>
							<value><![CDATA[2]]></value>
						</ac>
					</actions>
				</a>
				<a>
					<body><![CDATA[ Nearly every day]]></body>
					<actions>
						<ac>
							<type><![CDATA[set variable]]></type>
							<sub_type><![CDATA[GAD:number]]></sub_type>
							<operator><![CDATA[+]]></operator>
							<value><![CDATA[3]]></value>
						</ac>
					</actions>
				</a>
			</answers>
		</q>
		<q type = "single select" info_box = "0" info_box_position = "0">
			<title><![CDATA[New question]]></title>
			<body><![CDATA[How often have you been bothered by feeling afraid as if something awful might happen?]]></body>
			<answers>
				<a>
					<body><![CDATA[ Not at all]]></body>
					<actions>
						<ac>
							<type><![CDATA[points]]></type>
							<operator><![CDATA[+]]></operator>
						</ac>
					</actions>
				</a>
				<a>
					<body><![CDATA[ Several days]]></body>
					<actions>
						<ac>
							<type><![CDATA[set variable]]></type>
							<sub_type><![CDATA[GAD:number]]></sub_type>
							<operator><![CDATA[+]]></operator>
							<value><![CDATA[1]]></value>
						</ac>
					</actions>
				</a>
				<a>
					<body><![CDATA[ More than half the days]]></body>
					<actions>
						<ac>
							<type><![CDATA[set variable]]></type>
							<sub_type><![CDATA[GAD:number]]></sub_type>
							<operator><![CDATA[+]]></operator>
							<value><![CDATA[2]]></value>
						</ac>
					</actions>
				</a>
				<a>
					<body><![CDATA[ Nearly every day]]></body>
					<actions>
						<ac>
							<type><![CDATA[set variable]]></type>
							<sub_type><![CDATA[GAD:number]]></sub_type>
							<operator><![CDATA[+]]></operator>
							<value><![CDATA[3]]></value>
						</ac>
					</actions>
				</a>
			</answers>
		</q>
		<q type = "multiple select" info_box = "0" info_box_position = "0">
			<title><![CDATA[New question]]></title>
			<body><![CDATA[Have you been bothered by worrying about any of the following?]]></body>
			<answers>
				<a>
					<body><![CDATA[Your health]]></body>
					<actions>
						<ac>
							<type><![CDATA[result]]></type>
							<value><![CDATA[648]]></value>
						</ac>
					</actions>
				</a>
				<a>
					<body><![CDATA[Your weight or how you look]]></body>
					<actions>
						<ac>
							<type><![CDATA[result]]></type>
							<value><![CDATA[651]]></value>
						</ac>
					</actions>
				</a>
				<a>
					<body><![CDATA[Little or no sexual desire or pleasure during sex]]></body>
					<actions>
						<ac>
							<type><![CDATA[result]]></type>
							<value><![CDATA[652]]></value>
						</ac>
						<ac>
							<type><![CDATA[link]]></type>
							<value><![CDATA[374]]></value>
						</ac>
					</actions>
				</a>
				<a>
					<body><![CDATA[Difficulties with your partner]]></body>
					<actions>
						<ac>
							<type><![CDATA[result]]></type>
							<value><![CDATA[653]]></value>
						</ac>
					</actions>
				</a>
				<a>
					<body><![CDATA[The stress of taking care of family members]]></body>
					<actions>
						<ac>
							<type><![CDATA[result]]></type>
							<value><![CDATA[654]]></value>
						</ac>
						<ac>
							<type><![CDATA[link]]></type>
							<value><![CDATA[356]]></value>
						</ac>
					</actions>
				</a>
				<a>
					<body><![CDATA[Stress at work, school or outside home]]></body>
					<actions>
						<ac>
							<type><![CDATA[result]]></type>
							<value><![CDATA[655]]></value>
						</ac>
						<ac>
							<type><![CDATA[link]]></type>
							<value><![CDATA[354]]></value>
						</ac>
					</actions>
				</a>
				<a>
					<body><![CDATA[By financial problems or worries]]></body>
					<actions>
						<ac>
							<type><![CDATA[result]]></type>
							<value><![CDATA[656]]></value>
						</ac>
						<ac>
							<type><![CDATA[link]]></type>
							<value><![CDATA[353]]></value>
						</ac>
					</actions>
				</a>
				<a>
					<body><![CDATA[Having no one to turn to]]></body>
					<actions>
						<ac>
							<type><![CDATA[result]]></type>
							<value><![CDATA[657]]></value>
						</ac>
						<ac>
							<type><![CDATA[link]]></type>
							<value><![CDATA[375]]></value>
						</ac>
					</actions>
				</a>
				<a>
					<body><![CDATA[Something bad that happened recently]]></body>
					<actions>
						<ac>
							<type><![CDATA[result]]></type>
							<value><![CDATA[658]]></value>
						</ac>
						<ac>
							<type><![CDATA[link]]></type>
							<value><![CDATA[358]]></value>
						</ac>
					</actions>
				</a>
				<a>
					<body><![CDATA[None of the above]]></body>
					<actions>
						<ac>
							<type><![CDATA[points]]></type>
							<operator><![CDATA[+]]></operator>
						</ac>
					</actions>
				</a>
			</answers>
		</q>
		<q type = "single select" info_box = "0" info_box_position = "0">
			<title><![CDATA[New question]]></title>
			<body><![CDATA[If this questionnaire has&nbsp;highlighted&nbsp;any problems, how difficult have these problems made it for you to do your work, take care of things at home, or get along with other people?]]></body>
			<answers>
				<a>
					<body><![CDATA[Not difficult at all]]></body>
					<actions>
						<ac>
							<type><![CDATA[points]]></type>
							<operator><![CDATA[+]]></operator>
						</ac>
					</actions>
				</a>
				<a>
					<body><![CDATA[Somewhat difficult]]></body>
					<actions>
						<ac>
							<type><![CDATA[result]]></type>
							<value><![CDATA[689]]></value>
						</ac>
					</actions>
				</a>
				<a>
					<body><![CDATA[Very difficult]]></body>
					<actions>
						<ac>
							<type><![CDATA[result]]></type>
							<value><![CDATA[690]]></value>
						</ac>
					</actions>
				</a>
				<a>
					<body><![CDATA[Extremely difficult]]></body>
					<actions>
						<ac>
							<type><![CDATA[result]]></type>
							<value><![CDATA[691]]></value>
						</ac>
					</actions>
				</a>
			</answers>
		</q>
	</questions>
	<results>
		<ri type = "progress bar" p1 = "0" p2 = "24" p3 = "Points"><![CDATA[Here's your depression score]]></ri>
		<ri type = "points triggered result" p1 = "0" p2 = "9" p3 = ""><![CDATA[<div>Based on your responses to questions 1-8, you're not experiencing many of the symptoms seen in depression. However, if you have any concerns about your health or mood, please call NHS 111 or arrange to speak to your GP.</div>]]></ri>
		<ri type = "points triggered result" p1 = "10" p2 = "18" p3 = ""><![CDATA[<div>Based on your responses&nbsp;to questions 1-8,&nbsp;you are experiencing&nbsp;some symptoms seen in depression but only an experienced health professional can tell for sure.</div><div><br></div><div>You should make an appointment to see your GP for a review or call NHS 111. Both can help you and assess whether you might benefit from extra support or treatment.</div>]]></ri>
		<ri type = "points triggered result" p1 = "19" p2 = "100" p3 = ""><![CDATA[<div>Based on your responses&nbsp;to questions 1-8, you are experiencing many symptoms seen in depression but only an experienced health professional can tell for sure.</div><div><br></div><div>You should make an appointment to see your GP over the next few days to a week or call NHS 111. They can help you and offer some form of treatment.</div>]]></ri>
		<ri type = "progress bar" p1 = "0" p2 = "21" p3 = "GAD:number"><![CDATA[Here's your anxiety score]]></ri>
		<ri type = "variable triggered result" p1 = "0" p2 = "0" p3 = "GAD:number"><![CDATA[Based on your responses to questions 10-16, you are not experiencing any of the symptoms of anxiety.&nbsp;Anxiety levels can fluctuate so come back and retake the test if you’re feeling differently.]]></ri>
		<ri type = "variable triggered result" p1 = "1" p2 = "5" p3 = "GAD:number"><![CDATA[<div>Based on your responses to questions 10-16, you are experiencing some symptoms seen in anxiety.&nbsp;Feeling anxious or worried from time to time is perfectly normal. However, if you begin to have trouble controlling your anxiety it could be time to take action. See useful links for more information.</div>]]></ri>
		<ri type = "variable triggered result" p1 = "6" p2 = "10" p3 = "GAD:number"><![CDATA[Based on your responses to questions 10-16, you are experiencing some symptoms seen in anxiety.&nbsp;Feeling anxious or worried from time to time is perfectly normal but if it’s starting to affect your daily life, it’s time to take action. Consider seeing your GP if you feel this is affecting your life.]]></ri>
		<ri type = "variable triggered result" p1 = "11" p2 = "21" p3 = "GAD:number"><![CDATA[Based on your responses to questions 10-16, you are experiencing many symptoms seen in anxiety.&nbsp;This is probably having a big impact on your daily life and you may also be experiencing physical symptoms. Make an appointment with your GP to discuss how you’re feeling. There are talking therapies that can help.]]></ri>
		<ri type = "accumulated results" p1 = "" p2 = "" p3 = ""><![CDATA[]]></ri>
		<ri type = "text" p1 = "" p2 = "" p3 = ""><![CDATA[*Scores are based on the responses given and indicate depressive symptom severity and anxiety symptom severity. Scoring is as follows: Not at all = 0,&nbsp;Several&nbsp;days = 1, More than half the days = 2, Nearly every day = 3.]]></ri>
	</results>
	<links>
		<li type = "text" p1 = "" p2 = ""><![CDATA[Here are some links to resources that you may find helpful. These include articles, links to external organisations and the Moodzone series of CBT podcasts.<br>]]></li>
		<li type = "accumulated links" p1 = "" p2 = ""><![CDATA[]]></li>
		<li type = "obligatory video" p1 = "" p2 = ""><![CDATA[2163764869001]]></li>
		<li type = "obligatory video" p1 = "" p2 = ""><![CDATA[2163764871001]]></li>
		<li type = "obligatory video" p1 = "" p2 = ""><![CDATA[2163764868001]]></li>
		<li type = "obligatory video" p1 = "" p2 = ""><![CDATA[2163764867001]]></li>
		<li type = "obligatory video" p1 = "" p2 = ""><![CDATA[2165194315001]]></li>
		<li type = "obligatory video" p1 = "" p2 = ""><![CDATA[2165194314001]]></li>
		<li type = "obligatory video" p1 = "" p2 = ""><![CDATA[2165194298001]]></li>
		<li type = "obligatory video" p1 = "" p2 = ""><![CDATA[2165194286001]]></li>
		<li type = "obligatory link" p1 = "" p2 = ""><![CDATA[404]]></li>
		<li type = "obligatory link" p1 = "" p2 = ""><![CDATA[376]]></li>
		<li type = "obligatory link" p1 = "" p2 = ""><![CDATA[405]]></li>
		<li type = "obligatory link" p1 = "" p2 = ""><![CDATA[378]]></li>
		<li type = "obligatory link" p1 = "" p2 = ""><![CDATA[406]]></li>
		<li type = "obligatory link" p1 = "" p2 = ""><![CDATA[407]]></li>
		<li type = "obligatory link" p1 = "" p2 = ""><![CDATA[408]]></li>
	</links>
	<result_items>
		<ri id = "667" priority = "0"><![CDATA[Anxiety or panic attacks aren't harmful but they can be frightening. See useful links for more information that may help.]]></ri>
		<ri id = "648" priority = "0"><![CDATA[Worrying about your health: discuss this with your GP. Whether your mental health is affecting your physical health or vice versa, the sooner you seek advice, the better.]]></ri>
		<ri id = "651" priority = "0"><![CDATA[Worrying about your weight or looks: you should discuss the reasons why this is with your GP.]]></ri>
		<ri id = "652" priority = "0"><![CDATA[It's common for your sex drive to be affected if you're feeling low or anxious. See useful links for more on this.]]></ri>
		<ri id = "653" priority = "0"><![CDATA[Difficulties with your partner: If you're feeling low or anxious why not try talking to them about how you feel?]]></ri>
		<ri id = "654" priority = "0"><![CDATA[The stress of looking after your family: if you're not coping and it's getting too much, speak to your GP. If you're a carer, try Carers Direct for lots of help and advice.]]></ri>
		<ri id = "655" priority = "0"><![CDATA[Stress outside the home: if it's getting too much - why not try talking about it? It could be with your boss, a colleague, teacher, GP or just someone you can trust.]]></ri>
		<ri id = "656" priority = "0"><![CDATA[Financial worry: money is a common cause of emotional stress. See useful links.]]></ri>
		<ri id = "657" priority = "0"><![CDATA[Having no one to turn to: find out how connecting with others can help with your mental wellbeing, as can discussing how you're feeling with your GP.]]></ri>
		<ri id = "658" priority = "0"><![CDATA[Something bad that happened recently: read information on post-traumatic stress disorder. Even if this isn't what you're experiencing, you will find lots of information that will help.]]></ri>
		<ri id = "689" priority = "0"><![CDATA[Your day-to-day life is being made somewhat difficult - which is why it is important to take some action. Even taking a small step may make you feel better. Explore the useful links and see your GP if things don't improve or seem to get worse.]]></ri>
		<ri id = "690" priority = "0"><![CDATA[Your day-to-day life is being made very difficult so it is important to take some action. Even taking a small step may make you feel better. Explore the useful links and take a printout of your results to your GP.]]></ri>
		<ri id = "691" priority = "0"><![CDATA[Your day-to-day life is being made extremely difficult. Make an appointment to see your GP and take a printout of these results with you. This will help to start a discussion and may be a first positive step towards tackling your problems. Explore the useful links section for more information that may help.]]></ri>
	</result_items>
	<link_items>
		<ri id = "369" url = "http://www.nhs.uk/Conditions/stress-anxiety-depression/Pages/low-mood-and-depression.aspx">
About low mood and depression		</ri>
		<ri id = "370" url = "http://www.nhs.uk/LiveWell/sleep/Pages/sleep-home.aspx">
Articles on sleep		</ri>
		<ri id = "362" url = "http://www.nhs.uk/conditions/Anxiety/Pages/Introduction.aspx">
About anxiety and anxiety attacks		</ri>
		<ri id = "372" url = "http://www.nhs.uk/Conditions/stress-anxiety-depression/Pages/understanding-panic.aspx">
'Why do I feel anxious and panicky?'		</ri>
		<ri id = "373" url = "http://www.nhs.uk/Conditions/stress-anxiety-depression/Pages/ways-relieve-stress.aspx">
Relaxation tips to relieve stress		</ri>
		<ri id = "374" url = "http://www.nhs.uk/Livewell/Goodsex/Pages/Talkaboutsex.aspx">
Talking about sex		</ri>
		<ri id = "356" url = "http://www.nhs.uk/CarersDirect/carerslives/updates/Pages/new-to-carers-direct.aspx">
Carers Direct		</ri>
		<ri id = "354" url = "http://www.nhs.uk/Conditions/stress-anxiety-depression/Pages/reduce-stress.aspx">
Ten stress-busters		</ri>
		<ri id = "353" url = "http://www.nhs.uk/Conditions/stress-anxiety-depression/Pages/coping-with-financial-worries.aspx">
Coping with financial worries		</ri>
		<ri id = "375" url = "http://www.nhs.uk/Conditions/stress-anxiety-depression/Pages/Connect-for-mental-wellbeing.aspx">
Connecting with others		</ri>
		<ri id = "358" url = "http://www.nhs.uk/Livewell/mentalhealth/Pages/Post-traumaticstressdisorder.aspx">
Post-traumatic stress disorder		</ri>
		<ri id = "404" url = "http://www.anxietyuk.org.uk/">
Anxiety UK		</ri>
		<ri id = "376" url = "http://www.llttf.com/">
Living Life To The Full website		</ri>
		<ri id = "405" url = "http://www.depressionalliance.org/">
Depression Alliance		</ri>
		<ri id = "378" url = "http://www.mind.org.uk/">
Mind - National Mental Health Charity		</ri>
		<ri id = "406" url = "http://www.rethink.org/">
Rethink - National Mental Health Charity		</ri>
		<ri id = "407" url = "http://www.bemindful.co.uk/">
Be Mindful		</ri>
		<ri id = "408" url = "http://www.samaritans.org/">
Samaritans		</ri>
	</link_items>
	<qvars>
		<v  name = "GAD:number">
<val>0</val>		</v>
	</qvars>
	<info_boxes>
		<ib  id = "188">
			<title><![CDATA[About these questions]]></title>
			<body><![CDATA[The following eight questions are taken from a measure used by doctors known as the Personal Health Questionnaire or PHQ-9. These questions are used to assess and monitor depression severity. The PHQ-9 was developed by Drs Robert L Spitzer, Janet BW Williams, Kurt Kroenke and colleagues, with an educational grant from Pfizer Inc.]]></body>
			<name><![CDATA[Questions about depression]]></name>
		</ib>
		<ib  id = "0">
			<title><![CDATA[]]></title>
			<body><![CDATA[]]></body>
			<name><![CDATA[]]></name>
		</ib>
		<ib  id = "164">
			<title><![CDATA[What is an anxiety attack?]]></title>
			<body><![CDATA[An anxiety or panic attack occurs when your body experiences a rush of intense psychological (mental) and physical symptoms.&nbsp;<div>You may feel an overwhelming sense of fear, apprehension and anxiety. As well as these feelings, you may also experience physical symptoms such as:</div><div><ul><li>nausea&nbsp;</li><li>sweating&nbsp;</li><li>trembling&nbsp;</li><li>a sensation that your heart is beating irregularly (palpitations)</li></ul><div><div>You may also feel that you need to stop what you are doing and hurry away. You may start to avoid situations, people or places where a panic attack has happened before and this can sometimes lead to avoiding things that most people can cope with.</div></div></div>]]></body>
			<name><![CDATA[What is an anxiety attack?]]></name>
		</ib>
		<ib  id = "161">
			<title><![CDATA[About these questions]]></title>
			<body><![CDATA[The following seven questions are based on a measure used by doctors and known as the Generalised Anxiety Disorder 7 or GAD-7. These questions are used to assess and monitor the severity of a person's anxiety. The GAD-7 was developed by&nbsp;Drs Robert L Spitzer, Janet BW Williams, Kurt Kroenke and colleagues, with an educational grant from Pfizer Inc. &nbsp;]]></body>
			<name><![CDATA[Questions about anxiety]]></name>
		</ib>
	</info_boxes>
	<videos>
			<v>2163764871001</v>			<v>2163764869001</v>			<v>2163764868001</v>			<v>2163764867001</v>			<v>2165194315001</v>			<v>2165194314001</v>			<v>2165194298001</v>			<v>2165194286001</v>	</videos>
</root>
