<?xml version="1.0" encoding="utf-8"?>
<root>
	<config>
		<id>50</id>		
		<title>Sexual health self-assessment</title>		
		<colour_1>E42A1D|FB745D</colour_1>
		<colour_2>990000|DD645F</colour_2>
		<colour_3>669900|9BC363</colour_3>
		<intro_title><![CDATA[Safer sex - how much do you know?]]></intro_title>		
		<intro_copy><![CDATA[Sex can be great but it can also carry risks, such as sexually transmitted infections (STIs) and unwanted pregnancy.<br><br>Take this short test to see how much you know about having a safer sex life.<br><br>Your results will include lots of&nbsp;<br>useful tips and links.&nbsp;]]></intro_copy>		
		<intro_copy_alt><![CDATA[Sex can be great but it can also carry risks, such as sexually transmitted infections (STIs) and unwanted pregnancy.<br><br>Take this short test to see how much you know about having a safer sex life.<br><br>Your results will include lots of useful tips and links.&nbsp;]]></intro_copy_alt>		
		<intro_foot><![CDATA[<br>]]></intro_foot>		
		<intro_graphic><![CDATA[img_Sexual_health_self-assessment_tool.png]]></intro_graphic>		
		<intro_graphic_alt><![CDATA[img_Sexual_health_self-assessment_tool_v2.png]]></intro_graphic_alt>		
		<hr_intro_graphic_alt><![CDATA[img_Sexual_health_self-assessment_tool_v2.png]]></hr_intro_graphic_alt>		
		<intro_graphic_position><![CDATA[6]]></intro_graphic_position>		
		<intro_graphic_position_m><![CDATA[7]]></intro_graphic_position_m>		
		<dimensions_f>362x490</dimensions_f>		
		<dimensions_j>362x490</dimensions_j>		
		<print_title>Your checklist</print_title>		
		<reporting>0</reporting>		
		<syndication_footer>1</syndication_footer>		
		<img_alt>Sexual health</img_alt>		
		<js_body_w>100%</js_body_w>		
		<js_body_top>1em</js_body_top>		
		<js_body_left>0em</js_body_left>		
	</config>
	<questions>
		<q type = "single select" info_box = "201" info_box_position = "0">
			<title><![CDATA[New question]]></title>
			<body><![CDATA[If you were going to have sex with a partner and you didn't know for sure that they did not have an STI (sexually transmitted infection), should you use protection such as a condom, or a dental dam for oral sex?]]></body>
			<answers>
				<a>
					<body><![CDATA[Yes]]></body>
					<actions>
						<ac>
							<type><![CDATA[points]]></type>
							<operator><![CDATA[+]]></operator>
							<value><![CDATA[0]]></value>
						</ac>
					</actions>
				</a>
				<a>
					<body><![CDATA[No]]></body>
					<actions>
						<ac>
							<type><![CDATA[points]]></type>
							<operator><![CDATA[+]]></operator>
							<value><![CDATA[2]]></value>
						</ac>
					</actions>
				</a>
				<a>
					<body><![CDATA[Sometimes]]></body>
					<actions>
						<ac>
							<type><![CDATA[points]]></type>
							<operator><![CDATA[+]]></operator>
							<value><![CDATA[1]]></value>
						</ac>
					</actions>
				</a>
			</answers>
		</q>
		<q type = "single select" info_box = "0" info_box_position = "0">
			<title><![CDATA[New question]]></title>
			<body><![CDATA[How can an STI be passed on?]]></body>
			<answers>
				<a>
					<body><![CDATA[Through vaginal, anal and oral sex]]></body>
					<actions>
						<ac>
							<type><![CDATA[points]]></type>
							<operator><![CDATA[+]]></operator>
							<value><![CDATA[0]]></value>
						</ac>
					</actions>
				</a>
				<a>
					<body><![CDATA[Through vaginal sex only]]></body>
					<actions>
						<ac>
							<type><![CDATA[points]]></type>
							<operator><![CDATA[+]]></operator>
							<value><![CDATA[2]]></value>
						</ac>
						<ac>
							<type><![CDATA[result]]></type>
							<value><![CDATA[797]]></value>
						</ac>
					</actions>
				</a>
				<a>
					<body><![CDATA[Through vaginal and anal sex only]]></body>
					<actions>
						<ac>
							<type><![CDATA[points]]></type>
							<operator><![CDATA[+]]></operator>
							<value><![CDATA[2]]></value>
						</ac>
						<ac>
							<type><![CDATA[result]]></type>
							<value><![CDATA[797]]></value>
						</ac>
					</actions>
				</a>
				<a>
					<body><![CDATA[Through anal sex only]]></body>
					<actions>
						<ac>
							<type><![CDATA[points]]></type>
							<operator><![CDATA[+]]></operator>
							<value><![CDATA[2]]></value>
						</ac>
						<ac>
							<type><![CDATA[result]]></type>
							<value><![CDATA[797]]></value>
						</ac>
					</actions>
				</a>
				<a>
					<body><![CDATA[Through oral sex only]]></body>
					<actions>
						<ac>
							<type><![CDATA[points]]></type>
							<operator><![CDATA[+]]></operator>
							<value><![CDATA[2]]></value>
						</ac>
						<ac>
							<type><![CDATA[result]]></type>
							<value><![CDATA[797]]></value>
						</ac>
					</actions>
				</a>
			</answers>
		</q>
		<q type = "single select" info_box = "201" info_box_position = "0">
			<title><![CDATA[New question]]></title>
			<body><![CDATA[If you have oral sex with someone, should you use a barrier, such as a condom or dental dam, to protect against infection?]]></body>
			<answers>
				<a>
					<body><![CDATA[Yes]]></body>
					<actions>
						<ac>
							<type><![CDATA[points]]></type>
							<operator><![CDATA[+]]></operator>
							<value><![CDATA[0]]></value>
						</ac>
					</actions>
				</a>
				<a>
					<body><![CDATA[No]]></body>
					<actions>
						<ac>
							<type><![CDATA[points]]></type>
							<operator><![CDATA[+]]></operator>
							<value><![CDATA[2]]></value>
						</ac>
					</actions>
				</a>
				<a>
					<body><![CDATA[Sometimes]]></body>
					<actions>
						<ac>
							<type><![CDATA[points]]></type>
							<operator><![CDATA[+]]></operator>
							<value><![CDATA[1]]></value>
						</ac>
					</actions>
				</a>
			</answers>
		</q>
		<q type = "single select" info_box = "202" info_box_position = "0">
			<title><![CDATA[New question]]></title>
			<body><![CDATA[What should you do if you have any unusual itching, soreness or discharge from your vagina, anus or penis?]]></body>
			<answers>
				<a>
					<body><![CDATA[Leave it and hope it clears up on its own]]></body>
					<actions>
						<ac>
							<type><![CDATA[points]]></type>
							<operator><![CDATA[+]]></operator>
							<value><![CDATA[2]]></value>
						</ac>
						<ac>
							<type><![CDATA[result]]></type>
							<value><![CDATA[798]]></value>
						</ac>
					</actions>
				</a>
				<a>
					<body><![CDATA[Call a sexual health helpline for advice]]></body>
					<actions>
						<ac>
							<type><![CDATA[points]]></type>
							<operator><![CDATA[+]]></operator>
							<value><![CDATA[1]]></value>
						</ac>
						<ac>
							<type><![CDATA[result]]></type>
							<value><![CDATA[798]]></value>
						</ac>
					</actions>
				</a>
				<a>
					<body><![CDATA[Go to a GP, or a sexual health or GUM clinic to get checked for infection]]></body>
					<actions>
						<ac>
							<type><![CDATA[points]]></type>
							<operator><![CDATA[+]]></operator>
							<value><![CDATA[0]]></value>
						</ac>
						<ac>
							<type><![CDATA[result]]></type>
							<value><![CDATA[798]]></value>
						</ac>
					</actions>
				</a>
			</answers>
		</q>
		<q type = "single select" info_box = "0" info_box_position = "0">
			<title><![CDATA[New question]]></title>
			<body><![CDATA[<div>At what point during sex should a man put on a condom?</div><div><br></div>]]></body>
			<answers>
				<a>
					<body><![CDATA[Before there is any contact between his penis and his partner's genitals or anus (or mouth if having oral sex)]]></body>
					<actions>
						<ac>
							<type><![CDATA[points]]></type>
							<operator><![CDATA[+]]></operator>
							<value><![CDATA[0]]></value>
						</ac>
						<ac>
							<type><![CDATA[result]]></type>
							<value><![CDATA[799]]></value>
						</ac>
					</actions>
				</a>
				<a>
					<body><![CDATA[At any point before he comes (has an orgasm, ejaculates)]]></body>
					<actions>
						<ac>
							<type><![CDATA[points]]></type>
							<operator><![CDATA[+]]></operator>
							<value><![CDATA[1]]></value>
						</ac>
						<ac>
							<type><![CDATA[result]]></type>
							<value><![CDATA[799]]></value>
						</ac>
					</actions>
				</a>
				<a>
					<body><![CDATA[After he has come]]></body>
					<actions>
						<ac>
							<type><![CDATA[points]]></type>
							<operator><![CDATA[+]]></operator>
							<value><![CDATA[2]]></value>
						</ac>
						<ac>
							<type><![CDATA[result]]></type>
							<value><![CDATA[799]]></value>
						</ac>
					</actions>
				</a>
			</answers>
		</q>
		<q type = "single select" info_box = "0" info_box_position = "0">
			<title><![CDATA[New question]]></title>
			<body><![CDATA[If you were using a latex condom during sex and you wanted some extra lubrication, what would you use?]]></body>
			<answers>
				<a>
					<body><![CDATA[Moisturiser]]></body>
					<actions>
						<ac>
							<type><![CDATA[points]]></type>
							<operator><![CDATA[+]]></operator>
							<value><![CDATA[2]]></value>
						</ac>
						<ac>
							<type><![CDATA[result]]></type>
							<value><![CDATA[800]]></value>
						</ac>
					</actions>
				</a>
				<a>
					<body><![CDATA[Olive oil]]></body>
					<actions>
						<ac>
							<type><![CDATA[points]]></type>
							<operator><![CDATA[+]]></operator>
							<value><![CDATA[2]]></value>
						</ac>
						<ac>
							<type><![CDATA[result]]></type>
							<value><![CDATA[800]]></value>
						</ac>
					</actions>
				</a>
				<a>
					<body><![CDATA[Specially-made water-based lubrication]]></body>
					<actions>
						<ac>
							<type><![CDATA[points]]></type>
							<operator><![CDATA[+]]></operator>
						</ac>
					</actions>
				</a>
			</answers>
		</q>
		<q type = "single select" info_box = "203" info_box_position = "0">
			<title><![CDATA[New question]]></title>
			<body><![CDATA[<div>If a woman was having sex with a man and the condom split, what should she do?</div>]]></body>
			<answers>
				<a>
					<body><![CDATA[Nothing - it's too late]]></body>
					<actions>
						<ac>
							<type><![CDATA[points]]></type>
							<operator><![CDATA[+]]></operator>
							<value><![CDATA[2]]></value>
						</ac>
						<ac>
							<type><![CDATA[result]]></type>
							<value><![CDATA[801]]></value>
						</ac>
					</actions>
				</a>
				<a>
					<body><![CDATA[Go to a GP or pharmacy to get emergency contraception]]></body>
					<actions>
						<ac>
							<type><![CDATA[points]]></type>
							<operator><![CDATA[+]]></operator>
							<value><![CDATA[1]]></value>
						</ac>
						<ac>
							<type><![CDATA[result]]></type>
							<value><![CDATA[801]]></value>
						</ac>
					</actions>
				</a>
				<a>
					<body><![CDATA[Go to a GUM or contraception clinic to get emergency contraception and get tested for STIs]]></body>
					<actions>
						<ac>
							<type><![CDATA[points]]></type>
							<operator><![CDATA[+]]></operator>
							<value><![CDATA[0]]></value>
						</ac>
						<ac>
							<type><![CDATA[result]]></type>
							<value><![CDATA[801]]></value>
						</ac>
					</actions>
				</a>
			</answers>
		</q>
		<q type = "single select" info_box = "203" info_box_position = "0">
			<title><![CDATA[New question]]></title>
			<body><![CDATA[<div>If a man was having sex and the condom split, what should he do?</div>]]></body>
			<answers>
				<a>
					<body><![CDATA[Nothing - it's too late]]></body>
					<actions>
						<ac>
							<type><![CDATA[points]]></type>
							<operator><![CDATA[+]]></operator>
							<value><![CDATA[2]]></value>
						</ac>
						<ac>
							<type><![CDATA[result]]></type>
							<value><![CDATA[801]]></value>
						</ac>
					</actions>
				</a>
				<a>
					<body><![CDATA[Go to a GP or GUM clinic to get tested for STIs]]></body>
					<actions>
						<ac>
							<type><![CDATA[points]]></type>
							<operator><![CDATA[+]]></operator>
							<value><![CDATA[1]]></value>
						</ac>
						<ac>
							<type><![CDATA[result]]></type>
							<value><![CDATA[801]]></value>
						</ac>
					</actions>
				</a>
				<a>
					<body><![CDATA[Go to a GP or GUM clinic to get tested for STIs, encourage his partner to do the same, and find out about emergency contraception if his partner is a woman.]]></body>
					<actions>
						<ac>
							<type><![CDATA[points]]></type>
							<operator><![CDATA[+]]></operator>
							<value><![CDATA[0]]></value>
						</ac>
						<ac>
							<type><![CDATA[result]]></type>
							<value><![CDATA[801]]></value>
						</ac>
					</actions>
				</a>
			</answers>
		</q>
		<q type = "single select" info_box = "0" info_box_position = "0">
			<title><![CDATA[New question]]></title>
			<body><![CDATA[Which of the following methods of contraception will protect against both pregnancy and STIs?]]></body>
			<answers>
				<a>
					<body><![CDATA[IUD (intrauterine device)]]></body>
					<actions>
						<ac>
							<type><![CDATA[points]]></type>
							<operator><![CDATA[+]]></operator>
							<value><![CDATA[2]]></value>
						</ac>
						<ac>
							<type><![CDATA[result]]></type>
							<value><![CDATA[802]]></value>
						</ac>
					</actions>
				</a>
				<a>
					<body><![CDATA[Contraceptive implant]]></body>
					<actions>
						<ac>
							<type><![CDATA[points]]></type>
							<operator><![CDATA[+]]></operator>
							<value><![CDATA[2]]></value>
						</ac>
						<ac>
							<type><![CDATA[result]]></type>
							<value><![CDATA[802]]></value>
						</ac>
					</actions>
				</a>
				<a>
					<body><![CDATA[Vaginal ring]]></body>
					<actions>
						<ac>
							<type><![CDATA[points]]></type>
							<operator><![CDATA[+]]></operator>
							<value><![CDATA[2]]></value>
						</ac>
						<ac>
							<type><![CDATA[result]]></type>
							<value><![CDATA[802]]></value>
						</ac>
					</actions>
				</a>
				<a>
					<body><![CDATA[Condoms]]></body>
					<actions>
						<ac>
							<type><![CDATA[points]]></type>
							<operator><![CDATA[+]]></operator>
							<value><![CDATA[0]]></value>
						</ac>
						<ac>
							<type><![CDATA[result]]></type>
							<value><![CDATA[802]]></value>
						</ac>
					</actions>
				</a>
				<a>
					<body><![CDATA[Contraceptive patch]]></body>
					<actions>
						<ac>
							<type><![CDATA[points]]></type>
							<operator><![CDATA[+]]></operator>
							<value><![CDATA[2]]></value>
						</ac>
						<ac>
							<type><![CDATA[result]]></type>
							<value><![CDATA[802]]></value>
						</ac>
					</actions>
				</a>
			</answers>
		</q>
		<q type = "single select" info_box = "0" info_box_position = "0">
			<title><![CDATA[New question]]></title>
			<body><![CDATA[<div>Do STIs always have symptoms?</div>]]></body>
			<answers>
				<a>
					<body><![CDATA[Yes, always]]></body>
					<actions>
						<ac>
							<type><![CDATA[points]]></type>
							<operator><![CDATA[+]]></operator>
							<value><![CDATA[2]]></value>
						</ac>
						<ac>
							<type><![CDATA[result]]></type>
							<value><![CDATA[803]]></value>
						</ac>
					</actions>
				</a>
				<a>
					<body><![CDATA[No, some people don't get symptoms]]></body>
					<actions>
						<ac>
							<type><![CDATA[points]]></type>
							<operator><![CDATA[+]]></operator>
							<value><![CDATA[0]]></value>
						</ac>
						<ac>
							<type><![CDATA[result]]></type>
							<value><![CDATA[803]]></value>
						</ac>
					</actions>
				</a>
				<a>
					<body><![CDATA[No, never]]></body>
					<actions>
						<ac>
							<type><![CDATA[points]]></type>
							<operator><![CDATA[+]]></operator>
							<value><![CDATA[2]]></value>
						</ac>
						<ac>
							<type><![CDATA[result]]></type>
							<value><![CDATA[803]]></value>
						</ac>
					</actions>
				</a>
			</answers>
		</q>
	</questions>
	<results>
		<ri type = "points triggered result" p1 = "0" p2 = "5" p3 = ""><![CDATA[<div>Based on your responses today&nbsp;you know a lot about safer sex! But remember:</div>]]></ri>
		<ri type = "points triggered result" p1 = "5" p2 = "9" p3 = ""><![CDATA[<div>Based on your responses today&nbsp;you know a bit about safer sex but there are a few things you should remember:</div>]]></ri>
		<ri type = "points triggered result" p1 = "9" p2 = "21" p3 = ""><![CDATA[<div>Based on your responses today&nbsp;you don't know very much about safer sex. If you are having sex yourself, you could be taking some risks with your sexual health, and your sexual partner’s health. Here are some things to remember that could keep you both safer:</div>]]></ri>
		<ri type = "accumulated results" p1 = "" p2 = "" p3 = ""><![CDATA[]]></ri>
	</results>
	<links>
		<li type = "text" p1 = "" p2 = ""><![CDATA[<div>Here are some links to articles and videos on safer sex:</div><div><br></div>]]></li>
		<li type = "obligatory link" p1 = "" p2 = ""><![CDATA[448]]></li>
		<li type = "obligatory link" p1 = "" p2 = ""><![CDATA[449]]></li>
		<li type = "obligatory link" p1 = "" p2 = ""><![CDATA[450]]></li>
		<li type = "obligatory link" p1 = "" p2 = ""><![CDATA[451]]></li>
		<li type = "obligatory link" p1 = "" p2 = ""><![CDATA[453]]></li>
		<li type = "obligatory link" p1 = "" p2 = ""><![CDATA[454]]></li>
		<li type = "obligatory link" p1 = "" p2 = ""><![CDATA[455]]></li>
		<li type = "obligatory link" p1 = "" p2 = ""><![CDATA[668]]></li>
		<li type = "obligatory video" p1 = "" p2 = ""><![CDATA[746669160001]]></li>
		<li type = "obligatory video" p1 = "" p2 = ""><![CDATA[746868468001]]></li>
	</links>
	<result_items>
		<ri id = "797" priority = "0"><![CDATA[STIs can be passed on via vaginal, anal and oral sex.]]></ri>
		<ri id = "798" priority = "0"><![CDATA[If you have symptoms, such as pain when you pee or discharge, go to a GP or a GUM clinic to get tested.]]></ri>
		<ri id = "799" priority = "0"><![CDATA[Men should put on a condom before there is any contact between their genitals and their partner's genitals (or mouth during oral sex).]]></ri>
		<ri id = "800" priority = "0"><![CDATA[You should not use oil-based products such as moisturiser with latex condoms, as they can damage them - use water-based lubricant.]]></ri>
		<ri id = "801" priority = "0"><![CDATA[If a condom splits, visit a GP or GUM clinic for STI tests and emergency contraception to prevent pregnancy.]]></ri>
		<ri id = "802" priority = "0"><![CDATA[Condoms are the only method of protecting against both pregnancy and STIs. All other methods protect against pregnancy but not STIs. Ideally, to provide the best protection, you should use a regular method of contraception to protect against pregnancy and a condom to protect against STIs.]]></ri>
		<ri id = "803" priority = "0"><![CDATA[Some people do not have any symptoms if they have an STI. You can only be sure by getting tested.]]></ri>
	</result_items>
	<link_items>
		<ri id = "448" url = "http://www.nhs.uk/Livewell/Contraception/Pages/Guidetocontraception.aspx"><![CDATA[A comprehensive guide to contraception]]></ri>		<ri id = "449" url = "http://www.nhs.uk/Livewell/STIs/Pages/STIs-hub.aspx"><![CDATA[A comprehensive guide to STIs]]></ri>		<ri id = "450" url = "http://www.nhs.uk/Livewell/Goodsex/Pages/Goodsexhome.aspx"><![CDATA[Having good sex]]></ri>		<ri id = "451" url = "http://www.nhs.uk/Livewell/Talkingaboutsex/Pages/Talking-about-sex-hub.aspx"><![CDATA[A guide to talking about sex]]></ri>		<ri id = "453" url = "http://www.nhs.uk/Livewell/Contraception/Pages/condoms.aspx"><![CDATA[All about condoms]]></ri>		<ri id = "454" url = "http://www.nhs.uk/Livewell/Talkingaboutsex/Pages/Whocanhelp.aspx"><![CDATA[Where to get sexual health advice]]></ri>		<ri id = "455" url = "http://www.nhs.uk/Livewell/Contraception/Pages/Emergencycontraception.aspx"><![CDATA[Accessing emergency contraception]]></ri>		<ri id = "668" url = "https://www.brook.org.uk"><![CDATA[Brook: free and confidential sexual health advice for young people]]></ri>	</link_items>
	<qvars>
	</qvars>
	<info_boxes>
		<ib  id = "201">
			<title><![CDATA[What is a dental dam?]]></title>
			<body><![CDATA[<div>A dental dam is a latex or polyurethane (soft plastic) square, of about 15cm by 15cm, which you can use to cover the anus or female genitals during oral sex. It acts as a barrier to help prevent sexually transmitted infections passing from one person to another.</div>]]></body>
			<name><![CDATA[What is a dental dam?]]></name>
		</ib>
		<ib  id = "0">
			<title><![CDATA[]]></title>
			<body><![CDATA[]]></body>
			<name><![CDATA[]]></name>
		</ib>
		<ib  id = "202">
			<title><![CDATA[What is a GUM clinic?]]></title>
			<body><![CDATA[<div>A GUM clinic is a genito-urinary medicine clinic, also called a sexual health clinic. These clinics are usually located at a hospital or as part of another health centre, and provide a range of sexual health services including:</div><div><br></div><div><ul><li>contraception and contraception advice</li><li>emergency contraception and emergency contraception advice</li><li>testing and treatment for sexually transmitted infections (STIs), such as chlamydia, syphilis, gonorrhoea and genital warts</li><li>testing and counselling for HIV and AIDS</li></ul></div>]]></body>
			<name><![CDATA[What is a GUM clinic?]]></name>
		</ib>
		<ib  id = "203">
			<title><![CDATA[What is emergency contraception?]]></title>
			<body><![CDATA[<div>A woman can use emergency contraception in order to prevent pregnancy after unprotected sex. The emergency contraceptive pill Levonelle can be taken up to 72 hours after unprotected sex, but it is more effective the sooner it is taken.</div><div><br></div><div>The emergency IUD (intrauterine device) can be fitted up to five days after unprotected sex. You can get emergency contraception free from a GP surgery that provides contraception, a contraceptive or sexual health clinic, and some young people's clinics such as Brook. You can also buy Levonelle from pharmacies. A new type of emergency pill, ellaOne, can be taken up to five days (120 hours) after sex and is usually only available with a prescription.</div><div><br></div><div>See the links section at the end of this quiz for more about emergency contraception.</div><div><br></div>]]></body>
			<name><![CDATA[What is emergency contraception?]]></name>
		</ib>
	</info_boxes>
	<videos>
			<v>746669160001</v>			<v>746868468001</v>	</videos>
</root>
